t,x,y,id
0.0005,1.931327163,2.716725979,0
0.001,1.921938023,2.724826509,0
0.0015,1.903679249,2.727514487,0
0.002,1.935227205,2.734556825,0
0.0025,1.954409951,2.760352551,0
0.003,1.92805168,2.765885516,0
0.0035,1.923523168,2.796794883,0
0.004,1.953874995,2.785491585,0
0.0045,1.951681401,2.775979041,0
0.005,1.925810604,2.759293002,0
0.0055,1.90512527,2.769520512,0
0.006,1.860460335,2.762024329,0
0.0065,1.8713958,2.765170277,0
0.007,1.89407347,2.759706907,0
0.0075,1.906586283,2.74727495,0
0.008,1.938806328,2.768460848,0
0.0085,1.91788995,2.746207922,0
0.009,1.931022231,2.760937846,0
0.0095,1.908101171,2.746436526,0
0.01,1.934462669,2.734021992,0
0.0105,1.945098486,2.70241277,0
0.011,1.916532372,2.73965328,0
0.0115,1.892105525,2.71832881,0
0.012,1.914290977,2.745869017,0
0.0125,1.860734926,2.728364033,0
0.013,1.869757252,2.707639922,0
0.0135,1.925791942,2.693014827,0
0.014,1.922191056,2.706682274,0
0.0145,1.885633839,2.666227527,0
0.015,1.904259131,2.703491481,0
0.0155,1.926289638,2.698215274,0
0.016,1.920611882,2.668491548,0
0.0165,1.912239989,2.662666647,0
0.017,1.925484177,2.671113752,0
0.0175,1.937058282,2.709303334,0
0.018,1.898360621,2.695762496,0
0.0185,1.912506282,2.690764587,0
0.019,1.937640457,2.688239398,0
0.0195,1.957544927,2.677136915,0
0.02,1.951318894,2.682674872,0
0.0205,1.955911479,2.675823718,0
0.021,1.941719318,2.6803879,0
0.0215,1.926403968,2.705128242,0
0.022,1.9016383,2.689628517,0
0.0225,1.919337471,2.697417087,0
0.023,1.935266355,2.704250207,0
0.0235,1.937431521,2.677340537,0
0.024,1.925506958,2.65819471,0
0.0245,1.986253035,2.646757506,0
0.025,1.9949399,2.657023834,0
0.0255,2.00787468,2.637989562,0
0.026,1.999854486,2.637893155,0
0.0265,1.987760833,2.644551541,0
0.027,1.965229299,2.670820191,0
0.0275,1.99409697,2.650041975,0
0.028,1.983712692,2.625758462,0
0.0285,1.984492252,2.637561862,0
0.029,1.976901066,2.610221672,0
0.0295,1.968158449,2.604355941,0
0.03,1.992756066,2.60995492,0
0.0305,1.96238905,2.594052631,0
0.031,2.022789574,2.552923187,0
0.0315,2.052829743,2.551531825,0
0.032,2.041943917,2.589887959,0
0.0325,2.039582414,2.60153542,0
0.033,2.052726414,2.591523512,0
0.0335,2.030393624,2.585289881,0
0.034,2.023258518,2.537527185,0
0.0345,2.037375189,2.571767912,0
0.035,2.06182596,2.566717417,0
0.0355,2.038003223,2.53836776,0
0.036,2.048149776,2.529392458,0
0.0365,2.063720055,2.49335782,0
0.037,2.078973143,2.517427771,0
0.0375,2.090390643,2.484589512,0
0.038,2.075027601,2.466921467,0
0.0385,2.104054348,2.44963085,0
0.039,2.101369194,2.452472626,0
0.0395,2.060997349,2.446344246,0
0.04,2.04696335,2.424985498,0
0.0405,2.010904033,2.377728339,0
0.041,2.065188302,2.461282709,0
0.0415,2.028547676,2.427680024,0
0.042,2.017919071,2.446737374,0
0.0425,2.021448843,2.448426163,0
0.043,2.021349494,2.450848086,0
0.0435,2.060827434,2.414158577,0
0.044,2.061097973,2.456095711,0
0.0445,2.047738934,2.457452868,0
0.045,2.068017089,2.450811366,0
0.0455,2.062710032,2.489174145,0
0.046,2.069215844,2.473788889,0
0.0465,2.068891415,2.476592479,0
0.047,2.058270466,2.514075456,0
0.0475,2.043259499,2.484909754,0
0.048,2.07648328,2.472603692,0
0.0485,2.043660688,2.495919143,0
0.049,2.031243502,2.485246754,0
0.0495,2.057388654,2.513248838,0
0.05,2.045300013,2.480397495,0
0.0505,2.017577371,2.495864328,0
0.051,2.066447451,2.465547502,0
0.0515,2.104931847,2.462516506,0
0.052,2.059316868,2.449805731,0
0.0525,2.081468715,2.468368467,0
0.053,2.083056042,2.422182166,0
0.0535,2.050445047,2.413204192,0
0.054,2.060101685,2.458182131,0
0.0545,2.034027659,2.416791609,0
0.055,2.002081913,2.437340156,0
0.0555,1.975481347,2.418562882,0
0.056,1.951433864,2.37523128,0
0.0565,1.968002357,2.392050442,0
0.057,1.921596297,2.392698742,0
0.0575,1.981052591,2.378777017,0
0.058,2.016129029,2.351016528,0
0.0585,1.927915055,2.388238201,0
0.059,1.989156952,2.45305085,0
0.0595,1.958264002,2.4422591,0
0.06,1.989255531,2.433483895,0
0.0605,1.933011136,2.487806839,0
0.061,1.991861526,2.469402144,0
0.0615,1.871117814,2.447600989,0
0.062,1.827361086,2.45637542,0
0.0625,1.820204618,2.466563557,0
0.063,1.828316353,2.485168983,0
0.0635,1.808157725,2.503857316,0
0.064,1.812161665,2.515654632,0
0.0645,1.777441973,2.523506998,0
0.065,1.806498308,2.469717345,0
0.0655,1.835860156,2.493863735,0
0.066,1.817490253,2.537863028,0
0.0665,1.854778613,2.534603596,0
0.067,1.872358091,2.611959144,0
0.0675,1.834908083,2.626668969,0
0.068,1.862034804,2.612761859,0
0.0685,1.859887923,2.603630428,0
0.069,1.826949848,2.64232815,0
0.0695,1.838287133,2.614196482,0
0.07,1.881439891,2.613455621,0
0.0705,1.81859073,2.593777445,0
0.071,1.851925121,2.596933994,0
0.0715,1.906988339,2.641822069,0
0.072,1.901210002,2.641412008,0
0.0725,1.914493383,2.622345674,0
0.073,1.930264784,2.635355804,0
0.0735,1.942326359,2.67518623,0
0.074,1.994160665,2.664076602,0
0.0745,1.989635476,2.682298498,0
0.075,1.981298527,2.685498748,0
0.0755,1.973961212,2.712991697,0
0.076,1.982655612,2.679445475,0
0.0765,1.949725839,2.686245421,0
0.077,1.959160607,2.712335078,0
0.0775,1.913096385,2.703427596,0
0.078,1.905683284,2.705185667,0
0.0785,1.913595713,2.624993023,0
0.079,1.911798274,2.664991308,0
0.0795,1.907248115,2.655121364,0
0.08,1.85014287,2.65701217,0
0.0805,1.880758113,2.65024807,0
0.081,1.891579337,2.633542194,0
0.0815,1.906896948,2.638360518,0
0.082,1.896415777,2.600826272,0
0.0825,1.866357272,2.63488552,0
0.083,1.900650837,2.622548032,0
0.0835,1.901049758,2.640057474,0
0.084,1.852392725,2.635805686,0
0.0845,1.857664487,2.633537163,0
0.085,1.88009031,2.671891862,0
0.0855,1.855885221,2.619535003,0
0.086,1.867414563,2.617892471,0
0.0865,1.879384945,2.598859647,0
0.087,1.823857338,2.609099902,0
0.0875,1.895913699,2.588203769,0
0.088,1.935711885,2.56859201,0
0.0885,1.826870496,2.581609567,0
0.089,1.803942491,2.547164646,0
0.0895,1.823911005,2.572035977,0
0.09,1.782659066,2.513645607,0
0.0905,1.762208382,2.546727601,0
0.091,1.77615017,2.563522235,0
0.0915,1.741532498,2.547012919,0
0.092,1.759135925,2.565705423,0
0.0925,1.770376859,2.545451427,0
0.093,1.716659486,2.532510667,0
0.0935,1.73192748,2.547424694,0
0.094,1.726183263,2.545398712,0
0.0945,1.777107932,2.594380601,0
0.095,1.777654895,2.640786223,0
0.0955,1.818917648,2.633917106,0
0.096,1.845266151,2.651115688,0
0.0965,1.83753143,2.689106946,0
0.097,1.794304001,2.659570178,0
0.0975,1.825196004,2.69230221,0
0.098,1.815953884,2.66237292,0
0.0985,1.811602581,2.693331424,0
0.099,1.803379964,2.705990475,0
0.0995,1.799197119,2.708442319,0
0.1,1.8521297,2.681529412,0
0.1005,1.843206203,2.682672915,0
0.101,1.852549454,2.677461223,0
0.1015,1.879035018,2.686752603,0
0.102,1.86355446,2.707910998,0
0.1025,1.847255306,2.701478503,0
0.103,1.814946351,2.694272652,0
0.1035,1.818486389,2.669666938,0
0.104,1.793142466,2.678855618,0
0.1045,1.787860961,2.683608889,0
0.105,1.813438663,2.696605938,0
0.1055,1.7763445,2.691152555,0
0.106,1.812212331,2.674858945,0
0.1065,1.86910246,2.675932571,0
0.107,1.825136205,2.651617631,0
0.1075,1.854786299,2.662224694,0
0.108,1.898395554,2.660554117,0
0.1085,1.919603596,2.659890005,0
0.109,1.83638291,2.63968738,0
0.1095,1.877717089,2.683934388,0
0.11,1.842462398,2.684530493,0
0.1105,1.8405739,2.692198582,0
0.111,1.80239543,2.689068236,0
0.1115,1.778335319,2.670545449,0
0.112,1.779116707,2.663032131,0
0.1125,1.801723027,2.693390665,0
0.113,1.789616965,2.674256911,0
0.1135,1.795311398,2.665277732,0
0.114,1.829096296,2.652568668,0
0.1145,1.843926835,2.668622507,0
0.115,1.908466543,2.700522054,0
0.1155,1.926611373,2.697950948,0
0.116,1.926366576,2.701536246,0
0.1165,1.901268379,2.682884592,0
0.117,1.861365677,2.719185644,0
0.1175,1.845177584,2.683886445,0
0.118,1.842704576,2.65787102,0
0.1185,1.789052771,2.651160701,0
0.119,1.806918524,2.682082343,0
0.1195,1.811147258,2.678712128,0
0.12,1.836290991,2.642342149,0
0.1205,1.819619929,2.654457344,0
0.121,1.79689138,2.673485555,0
0.1215,1.819307248,2.700930193,0
0.122,1.858403576,2.669083462,0
0.1225,1.880298519,2.668254805,0
0.123,1.888296104,2.677743889,0
0.1235,1.815611917,2.679356419,0
0.124,1.861332907,2.69246823,0
0.1245,1.843156522,2.734872303,0
0.125,1.814492196,2.712203552,0
0.1255,1.808805111,2.714487444,0
0.126,1.807115016,2.701755258,0
0.1265,1.764234608,2.686840452,0
0.127,1.800969916,2.673375938,0
0.1275,1.841705969,2.648424951,0
0.128,1.898123959,2.638532123,0
0.1285,1.932618458,2.602836728,0
0.129,1.940987417,2.609240508,0
0.1295,1.952037342,2.617633297,0
0.13,1.885724433,2.614259452,0
0.1305,1.889467937,2.648883514,0
0.131,1.956161322,2.583182686,0
0.1315,1.905410774,2.594568678,0
0.132,1.879495204,2.573626439,0
0.1325,1.894304393,2.503635718,0
0.133,1.771742334,2.525229137,0
0.1335,1.830085755,2.501281238,0
0.134,1.804878224,2.530162556,0
0.1345,1.806136499,2.558011001,0
0.135,1.894036789,2.513298759,0
0.1355,1.94397898,2.528995632,0
0.136,2.011702649,2.553420208,0
0.1365,1.973412448,2.521824404,0
0.137,1.967095574,2.531801428,0
0.1375,1.961819789,2.506702367,0
0.138,1.953863443,2.470447553,0
0.1385,2.018939088,2.470735867,0
0.139,1.902053358,2.440491006,0
0.1395,1.97225811,2.500294969,0
0.14,1.910528075,2.456517363,0
0.1405,1.929169942,2.486390001,0
0.141,1.965055566,2.455519321,0
0.1415,2.008084586,2.485522508,0
0.142,1.943348082,2.454955274,0
0.1425,1.989002083,2.422014866,0
0.143,1.922925375,2.428155632,0
0.1435,1.975914165,2.367399453,0
0.144,1.968900827,2.413091442,0
0.1445,1.962662724,2.391198661,0
0.145,1.997213807,2.351545602,0
0.1455,1.954085445,2.367802221,0
0.146,1.996165446,2.397472151,0
0.1465,2.033079817,2.388896384,0
0.147,2.051454662,2.371524064,0
0.1475,1.995295955,2.43386666,0
0.148,2.031642238,2.413276873,0
0.1485,2.009816769,2.44885137,0
0.149,2.027240969,2.370147097,0
0.1495,2.011171417,2.341431198,0
0.15,1.978323895,2.342724015,0
0.1505,1.993443302,2.350208634,0
0.151,1.951350488,2.310752046,0
0.1515,1.944393251,2.319837927,0
0.152,2.043659656,2.298008873,0
0.1525,2.020901976,2.301895017,0
0.153,2.037391387,2.2912237,0
0.1535,2.023294458,2.299273726,0
0.154,2.049992319,2.288429149,0
0.1545,2.009610281,2.302351771,0
0.155,2.034336862,2.29023334,0
0.1555,2.015693589,2.299736622,0
0.156,2.013302063,2.29438801,0
0.1565,2.018161838,2.296251852,0
0.157,2.020969197,2.338948472,0
0.1575,1.981299112,2.321997233,0
0.158,2.032860854,2.353798561,0
0.1585,1.906475217,2.318861738,0
0.159,1.883922047,2.356762484,0
0.1595,1.924659769,2.324246885,0
0.16,1.931664304,2.339328046,0
0.1605,1.92562079,2.327200011,0
0.161,1.906542958,2.342994607,0
0.1615,1.919270669,2.346509182,0
0.162,1.915651687,2.29551661,0
0.1625,1.883539943,2.283848865,0
0.163,1.844147007,2.260815654,0
0.1635,1.860384614,2.253588038,0
0.164,1.828790149,2.258553854,0
0.1645,1.843089453,2.27246995,0
0.165,1.873773351,2.268362133,0
0.1655,1.852564346,2.266026364,0
0.166,1.863158014,2.251121997,0
0.1665,1.852285807,2.253377351,0
0.167,1.850916433,2.254853602,0
0.1675,1.848593649,2.257657153,0
0.168,1.847660809,2.240156517,0
0.1685,1.84445369,2.236582981,0
0.169,1.867944702,2.252497556,0
0.1695,1.822296322,2.227060853,0
0.17,1.838355966,2.244247538,0
0.1705,1.8201901,2.261996785,0
0.171,1.839770277,2.232731824,0
0.1715,1.862307276,2.222461265,0
0.172,1.853460925,2.246870435,0
0.1725,1.844735146,2.235308004,0
0.173,1.834912908,2.236903691,0
0.1735,1.844551056,2.188850506,0
0.174,1.861109813,2.194963332,0
0.1745,1.859857603,2.211713891,0
0.175,1.878644382,2.196657391,0
0.1755,1.84552611,2.204919039,0
0.176,1.838317833,2.22359384,0
0.1765,1.829524414,2.238019322,0
0.177,1.854190395,2.222277641,0
0.1775,1.850264364,2.233621915,0
0.178,1.857530647,2.18658944,0
0.1785,1.847830682,2.213372676,0
0.179,1.877818494,2.226382682,0
0.1795,1.872532594,2.217567505,0
0.18,1.882685385,2.207928411,0
0.1805,1.89541363,2.206781387,0
0.181,1.901408213,2.218780792,0
0.1815,1.912898873,2.199162132,0
0.182,1.90128034,2.234509164,0
0.1825,1.890134815,2.207680184,0
0.183,1.857238733,2.215803777,0
0.1835,1.876476624,2.195469473,0
0.184,1.895632774,2.223110662,0
0.1845,1.872012776,2.208154199,0
0.185,1.885445194,2.196436088,0
0.1855,1.822551543,2.234125015,0
0.186,1.85940695,2.194717538,0
0.1865,1.83570031,2.197658878,0
0.187,1.863161288,2.210205141,0
0.1875,1.858689976,2.197869964,0
0.188,1.842393491,2.213152545,0
0.1885,1.836193994,2.220448663,0
0.189,1.843495256,2.240316971,0
0.1895,1.865272996,2.21990799,0
0.19,1.857744047,2.247700187,0
0.1905,1.844315772,2.238499235,0
0.191,1.883341854,2.238206885,0
0.1915,1.863670417,2.244097325,0
0.192,1.873896914,2.229799312,0
0.1925,1.899897116,2.227392398,0
0.193,1.887503601,2.218143138,0
0.1935,1.882171517,2.2393398,0
0.194,1.900845468,2.238875679,0
0.1945,1.897515735,2.255861368,0
0.195,1.929287384,2.252294511,0
0.1955,1.935081034,2.257094708,0
0.196,2.002484229,2.242910682,0
0.1965,2.01162071,2.249630772,0
0.197,2.00388629,2.247955142,0
0.1975,2.027155162,2.260358908,0
0.198,2.072440398,2.268448608,0
0.1985,2.073530517,2.263145444,0
0.199,2.060372637,2.269378251,0
0.1995,2.074223641,2.276414361,0
0.2,2.052738323,2.262846639,0
0.2005,2.070382804,2.26249225,0
0.201,2.077019016,2.263740645,0
0.2015,2.080765125,2.290459644,0
0.202,2.082621842,2.28947904,0
0.2025,2.057655985,2.316296188,0
0.203,2.05638951,2.300113762,0
0.2035,2.039341372,2.30725751,0
0.204,2.023843388,2.309937096,0
0.2045,2.015646233,2.292871202,0
0.205,2.068967948,2.294704615,0
0.2055,2.023342441,2.272565179,0
0.206,2.002830343,2.276695324,0
0.2065,2.006634148,2.274825877,0
0.207,1.995014786,2.306256637,0
0.2075,1.993900689,2.282127261,0
0.208,1.980409239,2.291428858,0
0.2085,2.000657788,2.312108767,0
0.209,1.993784499,2.305607192,0
0.2095,1.996427743,2.337878568,0
0.21,1.965005551,2.287396235,0
0.2105,1.932236306,2.349698537,0
0.211,1.944153112,2.328151027,0
0.2115,1.878144073,2.331117308,0
0.212,1.944623275,2.333042055,0
0.2125,1.870442717,2.336767817,0
0.213,1.88664904,2.317435504,0
0.2135,1.872559917,2.336167367,0
0.214,1.893650254,2.331265596,0
0.2145,1.858397828,2.340953185,0
0.215,1.887000889,2.384641929,0
0.2155,1.877980262,2.397272604,0
0.216,1.879043766,2.430675979,0
0.2165,1.894860821,2.443631811,0
0.217,1.867931414,2.412633287,0
0.2175,1.814047499,2.422993715,0
0.218,1.829365905,2.435309612,0
0.2185,1.811735384,2.416889558,0
0.219,1.793951675,2.40575875,0
0.2195,1.783178311,2.418454712,0
0.22,1.775012327,2.413987807,0
0.2205,1.754018968,2.489206974,0
0.221,1.783337668,2.482670045,0
0.2215,1.749282891,2.476010421,0
0.222,1.778059188,2.4736036,0
0.2225,1.759360629,2.488297586,0
0.223,1.817822035,2.44743236,0
0.2235,1.805366672,2.460777349,0
0.224,1.745488363,2.499981331,0
0.2245,1.729919904,2.473345387,0
0.225,1.728844678,2.434752347,0
0.2255,1.726343049,2.444243872,0
0.226,1.71740035,2.419936656,0
0.2265,1.72252808,2.435378124,0
0.227,1.721507473,2.426437363,0
0.2275,1.732119916,2.414525862,0
0.228,1.714721458,2.44437326,0
0.2285,1.703719721,2.457404105,0
0.229,1.722727151,2.442504387,0
0.2295,1.741340975,2.457153176,0
0.23,1.725532382,2.455113792,0
0.2305,1.778807453,2.412365497,0
0.231,1.753295735,2.423830742,0
0.2315,1.732380533,2.401914116,0
0.232,1.790784113,2.375801567,0
0.2325,1.767235612,2.397075641,0
0.233,1.776052655,2.380859889,0
0.2335,1.750930217,2.369467537,0
0.234,1.726588952,2.385723881,0
0.2345,1.694346332,2.372820624,0
0.235,1.715388983,2.38290519,0
0.2355,1.718551848,2.39827074,0
0.236,1.723072587,2.399798812,0
0.2365,1.728406796,2.395520608,0
0.237,1.747525234,2.367784707,0
0.2375,1.746967277,2.379533805,0
0.238,1.7201129,2.372275334,0
0.2385,1.750071998,2.362697942,0
0.239,1.715493985,2.396827247,0
0.2395,1.712358002,2.382513112,0
0.24,1.702148773,2.380914186,0
0.2405,1.712954918,2.396112026,0
0.241,1.72004437,2.390780921,0
0.2415,1.691820082,2.447071104,0
0.242,1.705757092,2.432559659,0
0.2425,1.71816818,2.407309706,0
0.243,1.695328301,2.453418168,0
0.2435,1.693329457,2.453604884,0
0.244,1.670735061,2.464966267,0
0.2445,1.706747047,2.453819193,0
0.245,1.710687425,2.466253956,0
0.2455,1.712507274,2.481966468,0
0.246,1.677991829,2.493342637,0
0.2465,1.736640429,2.54213064,0
0.247,1.752689945,2.563101862,0
0.2475,1.759708646,2.545525495,0
0.248,1.735285725,2.546758991,0
0.2485,1.760532822,2.489935437,0
0.249,1.749376838,2.544166719,0
0.2495,1.762797698,2.528428422,0
0.25,1.821015846,2.512505186,0
0.2505,1.771975961,2.566978004,0
0.251,1.80330948,2.519488255,0
0.2515,1.908814342,2.488598024,0
0.252,1.886452861,2.499818638,0
0.2525,1.895356403,2.485716404,0
0.253,1.841093358,2.461319009,0
0.2535,1.872719635,2.445547043,0
0.254,1.887733905,2.459923225,0
0.2545,1.898429793,2.455439149,0
0.255,1.85410856,2.454018677,0
0.2555,1.827130013,2.444014143,0
0.256,1.864268534,2.438299159,0
0.2565,1.838036729,2.45665865,0
0.257,1.901951242,2.448448854,0
0.2575,1.887558316,2.475250709,0
0.258,1.881124494,2.421565229,0
0.2585,1.912810808,2.424126268,0
0.259,1.925349734,2.475045127,0
0.2595,1.900670078,2.424696004,0
0.26,1.866275125,2.432584964,0
0.2605,1.940036748,2.515462125,0
0.261,1.924565602,2.500041425,0
0.2615,1.916063059,2.527210555,0
0.262,1.866946898,2.533479193,0
0.2625,1.837413916,2.555689698,0
0.263,1.789646604,2.532940407,0
0.2635,1.773922059,2.523314976,0
0.264,1.759133492,2.523680671,0
0.2645,1.761220574,2.53164964,0
0.265,1.789434799,2.51155554,0
0.2655,1.796610766,2.488173671,0
0.266,1.777891071,2.485107421,0
0.2665,1.793147033,2.481526749,0
0.267,1.797839378,2.483062996,0
0.2675,1.790735747,2.516481301,0
0.268,1.812727334,2.497267916,0
0.2685,1.755784665,2.508564605,0
0.269,1.816306074,2.553904008,0
0.2695,1.834495505,2.550007809,0
0.27,1.828417163,2.495837799,0
0.2705,1.831850361,2.495193094,0
0.271,1.830801703,2.487998492,0
0.2715,1.87553737,2.5346017,0
0.272,1.887888088,2.509428947,0
0.2725,1.933613444,2.550761009,0
0.273,1.974033862,2.546318089,0
0.2735,2.004947488,2.540651776,0
0.274,2.011087793,2.536569695,0
0.2745,1.990568351,2.50070225,0
0.275,2.03209027,2.526766059,0
0.2755,2.051817086,2.488979129,0
0.276,2.052552838,2.470437551,0
0.2765,2.05032867,2.474133176,0
0.277,2.022301155,2.499430129,0
0.2775,2.005074813,2.476712954,0
0.278,2.022009536,2.502907604,0
0.2785,2.032571148,2.551822737,0
0.279,2.035535918,2.545175268,0
0.2795,2.024422459,2.54108761,0
0.28,2.02682862,2.543038743,0
0.2805,2.040890699,2.510522676,0
0.281,2.044349481,2.489523983,0
0.2815,1.980956369,2.493692978,0
0.282,1.998311004,2.484686701,0
0.2825,2.011938468,2.451707585,0
0.283,1.983283535,2.489057626,0
0.2835,1.987971145,2.45891458,0
0.284,2.011438122,2.46107837,0
0.2845,1.99969184,2.420998935,0
0.285,1.948507809,2.409597627,0
0.2855,1.953138983,2.462343453,0
0.286,1.965235196,2.464945477,0
0.2865,1.949828733,2.496476275,0
0.287,1.94653651,2.444192421,0
0.2875,1.964563827,2.46860386,0
0.288,1.946281053,2.480668985,0
0.2885,1.959359498,2.571570237,0
0.289,1.973004049,2.506954851,0
0.2895,1.977399793,2.507111527,0
0.29,1.944583804,2.49613042,0
0.2905,1.953133744,2.515080218,0
0.291,1.99465632,2.485173059,0
0.2915,1.996411111,2.510117008,0
0.292,1.956263177,2.485515471,0
0.2925,1.964710071,2.47459606,0
0.293,1.970824371,2.488861215,0
0.2935,1.987131582,2.507713837,0
0.294,1.986406981,2.481992681,0
0.2945,1.966523252,2.455084965,0
0.295,1.972842436,2.459555481,0
0.2955,1.990736761,2.506249017,0
0.296,2.029739856,2.4881929,0
0.2965,2.037498445,2.503346514,0
0.297,1.994417574,2.46447091,0
0.2975,1.97948546,2.424392203,0
0.298,1.971585499,2.408355781,0
0.2985,1.958581657,2.369560205,0
0.299,1.980796745,2.42931979,0
0.2995,1.963758393,2.402050262,0
0.3,1.967361262,2.426263893,0
0.3005,2.005043538,2.407235071,0
0.301,2.001728359,2.375173425,0
0.3015,1.990095736,2.352261035,0
0.302,1.941219701,2.355851136,0
0.3025,1.946793727,2.326495786,0
0.303,1.982607614,2.348752067,0
0.3035,1.995454425,2.363029619,0
0.304,1.976525561,2.377800584,0
0.3045,1.96131096,2.453197923,0
0.305,1.988927349,2.452688195,0
0.3055,1.981074128,2.448554902,0
0.306,1.944068166,2.412103295,0
0.3065,1.959570129,2.426240822,0
0.307,1.937387802,2.425127749,0
0.3075,1.90384165,2.417162261,0
0.308,1.937521114,2.423071809,0
0.3085,1.935611075,2.419925952,0
0.309,1.927666099,2.416500146,0
0.3095,1.90247776,2.415047235,0
0.31,1.943923993,2.374606914,0
0.3105,1.934098696,2.425173647,0
0.311,1.971409363,2.408992557,0
0.3115,1.943259682,2.41508693,0
0.312,1.944167483,2.442743258,0
0.3125,1.883855481,2.458673333,0
0.313,1.875187896,2.42245575,0
0.3135,1.861132024,2.452121373,0
0.314,1.87752243,2.40803575,0
0.3145,1.901781207,2.416696062,0
0.315,1.939731927,2.381234298,0
0.3155,1.923308349,2.343703511,0
0.316,1.974400439,2.358913291,0
0.3165,1.984422422,2.355184741,0
0.317,1.959935878,2.351488992,0
0.3175,1.988188964,2.374666516,0
0.318,1.992101876,2.368901502,0
0.3185,2.032913232,2.359781848,0
0.319,2.076049468,2.387890836,0
0.3195,2.063575117,2.415394864,0
0.32,2.047618728,2.418211688,0
0.3205,2.0485573,2.42098631,0
0.321,2.027853485,2.443971613,0
0.3215,2.033806,2.459740632,0
0.322,2.037504907,2.411460699,0
0.3225,2.035436761,2.400758755,0
0.323,2.04258571,2.413334774,0
0.3235,2.082069375,2.441308504,0
0.324,2.056628828,2.400538842,0
0.3245,1.988399054,2.430406236,0
0.325,2.012309431,2.429372628,0
0.3255,1.987089781,2.426201428,0
0.326,2.065641933,2.465244749,0
0.3265,2.009702796,2.446728899,0
0.327,1.993963386,2.429197771,0
0.3275,1.931045735,2.425534037,0
0.328,1.901017145,2.400329609,0
0.3285,1.92061425,2.370258593,0
0.329,1.968168421,2.382554823,0
0.3295,1.958879603,2.364985026,0
0.33,1.956221794,2.348204788,0
0.3305,1.987254425,2.361107058,0
0.331,2.002991446,2.352712835,0
0.3315,2.047740507,2.407802442,0
0.332,2.039742383,2.403251129,0
0.3325,2.025025079,2.368467378,0
0.333,2.047777254,2.368063176,0
0.3335,2.007666493,2.40174766,0
0.334,1.986981643,2.394191571,0
0.3345,1.962838589,2.381789794,0
0.335,2.012978327,2.410266888,0
0.3355,1.967014304,2.407694512,0
0.336,1.99642068,2.378421598,0
0.3365,1.991281341,2.387036142,0
0.337,1.982816079,2.38375298,0
0.3375,1.971178225,2.362106852,0
0.338,2.001695227,2.393207244,0
0.3385,1.989400714,2.422390395,0
0.339,1.992616956,2.411067543,0
0.3395,2.008383577,2.383415629,0
0.34,1.949945473,2.421396969,0
0.3405,1.927498181,2.388153751,0
0.341,1.85517228,2.345124766,0
0.3415,1.847475478,2.369294348,0
0.342,1.833246944,2.38096189,0
0.3425,1.833690629,2.364285597,0
0.343,1.848981144,2.353741258,0
0.3435,1.831433487,2.351681958,0
0.344,1.831307175,2.338426755,0
0.3445,1.824575942,2.360522396,0
0.345,1.837157177,2.370566809,0
0.3455,1.820175244,2.345848745,0
0.346,1.878868334,2.372661046,0
0.3465,1.828006523,2.385683355,0
0.347,1.829455306,2.394670386,0
0.3475,1.851077581,2.372929957,0
0.348,1.845713054,2.334288733,0
0.3485,1.835179327,2.363651414,0
0.349,1.80979298,2.405284061,0
0.3495,1.801765043,2.412572647,0
0.35,1.841768832,2.393163008,0
0.3505,1.808074958,2.404760225,0
0.351,1.792194124,2.379452827,0
0.3515,1.770302702,2.39961633,0
0.352,1.781632642,2.386004238,0
0.3525,1.747724517,2.405126752,0
0.353,1.750890486,2.447221003,0
0.3535,1.748300066,2.374725834,0
0.354,1.744656578,2.420146247,0
0.3545,1.728882746,2.420547928,0
0.355,1.719814514,2.402057755,0
0.3555,1.677614241,2.451263215,0
0.356,1.671979233,2.485034789,0
0.3565,1.684616842,2.503777462,0
0.357,1.680169005,2.520769942,0
0.3575,1.666942753,2.530939259,0
0.358,1.674646844,2.544249567,0
0.3585,1.673482661,2.514465812,0
0.359,1.679954303,2.5099383,0
0.3595,1.697563727,2.519473325,0
0.36,1.68195148,2.500339959,0
0.3605,1.69883037,2.509953949,0
0.361,1.700154509,2.509869566,0
0.3615,1.720104515,2.518126991,0
0.362,1.72902964,2.50268494,0
0.3625,1.71859265,2.492663376,0
0.363,1.722883544,2.491657055,0
0.3635,1.704874815,2.509821901,0
0.364,1.694283614,2.515170244,0
0.3645,1.695306847,2.512940764,0
0.365,1.707722713,2.4739576,0
0.3655,1.681904619,2.482392114,0
0.366,1.663479155,2.491381329,0
0.3665,1.677721231,2.464506771,0
0.367,1.689238596,2.44833298,0
0.3675,1.695246464,2.457019154,0
0.368,1.712013421,2.408605216,0
0.3685,1.741783873,2.37863621,0
0.369,1.72847948,2.42573459,0
0.3695,1.74675693,2.384557021,0
0.37,1.70037408,2.446334796,0
0.3705,1.716276386,2.442632363,0
0.371,1.696090875,2.451431815,0
0.3715,1.683825821,2.442805888,0
0.372,1.652146265,2.438052278,0
0.3725,1.653107883,2.443099682,0
0.373,1.657367135,2.442736165,0
0.3735,1.679592417,2.384533235,0
0.374,1.705890578,2.357439203,0
0.3745,1.693460377,2.408208979,0
0.375,1.70358049,2.419616714,0
0.3755,1.725675945,2.416203077,0
0.376,1.693651761,2.448614598,0
0.3765,1.724320219,2.422850843,0
0.377,1.684721635,2.456293589,0
0.3775,1.659899479,2.440737886,0
0.378,1.667310427,2.449011581,0
0.3785,1.670533755,2.468692714,0
0.379,1.682569835,2.452424962,0
0.3795,1.677374136,2.483440086,0
0.38,1.702961171,2.441960649,0
0.3805,1.741963859,2.46269828,0
0.381,1.716607597,2.479183368,0
0.3815,1.73761118,2.484831063,0
0.382,1.697865206,2.530209315,0
0.3825,1.705483371,2.556763517,0
0.383,1.707254428,2.554575659,0
0.3835,1.704475967,2.54913143,0
0.384,1.676060684,2.589140508,0
0.3845,1.67218679,2.580685253,0
0.385,1.680813284,2.577551115,0
0.3855,1.683733845,2.567329569,0
0.386,1.696199616,2.590050002,0
0.3865,1.68709452,2.566343825,0
0.387,1.704159197,2.573496813,0
0.3875,1.703142324,2.58200411,0
0.388,1.741668657,2.609705147,0
0.3885,1.752006336,2.63037914,0
0.389,1.775423712,2.630014753,0
0.3895,1.745811653,2.637437892,0
0.39,1.739864062,2.606401387,0
0.3905,1.752867456,2.629895429,0
0.391,1.721627312,2.61264901,0
0.3915,1.757307082,2.602578823,0
0.392,1.704027069,2.58172395,0
0.3925,1.689126125,2.577610134,0
0.393,1.680488509,2.583130504,0
0.3935,1.685604678,2.623403512,0
0.394,1.713295665,2.610160077,0
0.3945,1.694933245,2.620077569,0
0.395,1.68119593,2.64631603,0
0.3955,1.686561022,2.682016465,0
0.396,1.710114952,2.67005459,0
0.3965,1.708103438,2.671446988,0
0.397,1.73653383,2.698030654,0
0.3975,1.720586097,2.709245765,0
0.398,1.690294764,2.663682827,0
0.3985,1.711790376,2.653326517,0
0.399,1.752909329,2.663122469,0
0.3995,1.704618869,2.644153384,0
0.4,1.720234538,2.651521997,0
0.4005,1.757495507,2.650928325,0
0.401,1.783933281,2.655259042,0
0.4015,1.788383025,2.662642003,0
0.402,1.792374227,2.656717317,0
0.4025,1.849389318,2.68542458,0
0.403,1.797355065,2.69910293,0
0.4035,1.846034478,2.713720481,0
0.404,1.879316968,2.72003082,0
0.4045,1.820635011,2.730485593,0
0.405,1.825791963,2.75524963,0
0.4055,1.789832243,2.764933522,0
0.406,1.80223921,2.751019095,0
0.4065,1.772417634,2.772280459,0
0.407,1.803292446,2.743635164,0
0.4075,1.781697223,2.744903299,0
0.408,1.822519986,2.757163874,0
0.4085,1.806655018,2.767323456,0
0.409,1.770811522,2.754505692,0
0.4095,1.811596336,2.760189365,0
0.41,1.788291745,2.779034818,0
0.4105,1.796040345,2.766706498,0
0.411,1.77114973,2.79254242,0
0.4115,1.788631445,2.780697651,0
0.412,1.829278514,2.787612047,0
0.4125,1.853855081,2.775104779,0
0.413,1.847967925,2.742616392,0
0.4135,1.815487647,2.776450618,0
0.414,1.823611294,2.797632414,0
0.4145,1.819575204,2.784864897,0
0.415,1.82652999,2.785898,0
0.4155,1.81108152,2.768993094,0
0.416,1.794261101,2.783421376,0
0.4165,1.795462357,2.776153734,0
0.417,1.829372305,2.785165857,0
0.4175,1.847919041,2.78534522,0
0.418,1.865240055,2.75994268,0
0.4185,1.832433787,2.761164419,0
0.419,1.790976622,2.753455294,0
0.4195,1.776477474,2.74598143,0
0.42,1.753283022,2.745363862,0
0.4205,1.758375721,2.7521653,0
0.421,1.741984001,2.769045538,0
0.4215,1.751399234,2.782790435,0
0.422,1.730219873,2.770733184,0
0.4225,1.756119159,2.754597304,0
0.423,1.786985313,2.755154008,0
0.4235,1.721224138,2.73426339,0
0.424,1.756370726,2.698980729,0
0.4245,1.758170036,2.697401079,0
0.425,1.743063653,2.743613295,0
0.4255,1.773328727,2.731063811,0
0.426,1.802615768,2.743193392,0
0.4265,1.777901352,2.757343223,0
0.427,1.762867021,2.740880222,0
0.4275,1.753351413,2.734917942,0
0.428,1.751195353,2.747263248,0
0.4285,1.744584196,2.755398682,0
0.429,1.729118269,2.735250245,0
0.4295,1.730823687,2.739577724,0
0.43,1.753626118,2.749759463,0
0.4305,1.720006741,2.722565533,0
0.431,1.779579607,2.75746032,0
0.4315,1.732163134,2.745372342,0
0.432,1.755984925,2.77173805,0
0.4325,1.77571043,2.76790804,0
0.433,1.770700277,2.77904395,0
0.4335,1.765042064,2.773735162,0
0.434,1.751267101,2.774462995,0
0.4345,1.74952798,2.777844984,0
0.435,1.737261009,2.776194564,0
0.4355,1.730193152,2.786430097,0
0.436,1.748361208,2.771656327,0
0.4365,1.742186906,2.79313973,0
0.437,1.744908251,2.783107105,0
0.4375,1.747958724,2.776045074,0
0.438,1.749238127,2.770967759,0
0.4385,1.750689437,2.764540839,0
0.439,1.765618177,2.789055461,0
0.4395,1.785405972,2.799862576,0
0.44,1.796302868,2.797141456,0
0.4405,1.780088368,2.802227422,0
0.441,1.780613382,2.796527802,0
0.4415,1.820338748,2.791303075,0
0.442,1.766193586,2.788480553,0
0.4425,1.770025098,2.803596418,0
0.443,1.752603939,2.803083867,0
0.4435,1.727923911,2.801854126,0
0.444,1.727003659,2.817806863,0
0.4445,1.753610666,2.797740329,0
0.445,1.689393631,2.80731313,0
0.4455,1.699586456,2.77684262,0
0.446,1.721047669,2.763237712,0
0.4465,1.758151828,2.789695595,0
0.447,1.767827452,2.804364567,0
0.4475,1.766547455,2.811425598,0
0.448,1.741444335,2.818352427,0
0.4485,1.756784019,2.789529773,0
0.449,1.755784724,2.810539218,0
0.4495,1.731653176,2.799618947,0
0.45,1.743371103,2.813780566,0
0.4505,1.773157609,2.805340868,0
0.451,1.779398121,2.830728825,0
0.4515,1.778716752,2.833334007,0
0.452,1.789012904,2.856137832,0
0.4525,1.807341799,2.860959409,0
0.453,1.816725522,2.861375188,0
0.4535,1.806230634,2.866597539,0
0.454,1.800213118,2.867291732,0
0.4545,1.797245208,2.883129942,0
0.455,1.784501299,2.855928254,0
0.4555,1.77287622,2.841157974,0
0.456,1.76770985,2.881436529,0
0.4565,1.775619622,2.876100831,0
0.457,1.781637457,2.87662674,0
0.4575,1.774293024,2.879230289,0
0.458,1.767645791,2.891255529,0
0.4585,1.77825605,2.874782647,0
0.459,1.782187184,2.884419894,0
0.4595,1.792440915,2.884238223,0
0.46,1.810769061,2.912242715,0
0.4605,1.804566339,2.892743033,0
0.461,1.806045509,2.909280938,0
0.4615,1.822641288,2.951177261,0
0.462,1.816477703,2.915516779,0
0.4625,1.821912523,2.917836394,0
0.463,1.797241551,2.857583589,0
0.4635,1.813463919,2.906530127,0
0.464,1.84314981,2.919683087,0
0.4645,1.804505613,2.923075127,0
0.465,1.840564956,2.900810329,0
0.4655,1.868373437,2.901778698,0
0.466,1.838765024,2.901411532,0
0.4665,1.853370289,2.946867247,0
0.467,1.843414092,2.919137081,0
0.4675,1.86560586,2.919342389,0
0.468,1.855459647,2.904591368,0
0.4685,1.839878132,2.925119026,0
0.469,1.849677606,2.93250955,0
0.4695,1.839610118,2.924625962,0
0.47,1.830320115,2.922029556,0
0.4705,1.835430235,2.912202167,0
0.471,1.865489151,2.930239303,0
0.4715,1.816034017,2.938496277,0
0.472,1.830238457,2.918559205,0
0.4725,1.838320512,2.925952925,0
0.473,1.812744026,2.932763644,0
0.4735,1.818632868,2.932627839,0
0.474,1.848910658,2.909264722,0
0.4745,1.864388716,2.921718876,0
0.475,1.865465221,2.914916576,0
0.4755,1.843697977,2.89849757,0
0.476,1.867217255,2.934499524,0
0.4765,1.857666346,2.938452455,0
0.477,1.832532966,2.931972454,0
0.4775,1.812790202,2.930059511,0
0.478,1.832613915,2.935146872,0
0.4785,1.809767643,2.911216862,0
0.479,1.822694119,2.921184454,0
0.4795,1.804722267,2.91935331,0
0.48,1.768403756,2.934134543,0
0.4805,1.774528495,2.954780639,0
0.481,1.814753225,2.932347736,0
0.4815,1.825170835,2.908795924,0
0.482,1.831454351,2.86885318,0
0.4825,1.838972915,2.885660132,0
0.483,1.792104477,2.922108972,0
0.4835,1.827598514,2.898960774,0
0.484,1.781533783,2.936658923,0
0.4845,1.753113264,2.954009855,0
0.485,1.769534343,2.947603954,0
0.4855,1.746874221,2.948813104,0
0.486,1.764513233,2.928448567,0
0.4865,1.750017368,2.930826068,0
0.487,1.759401428,2.90996027,0
0.4875,1.774085524,2.926169972,0
0.488,1.779063855,2.93881527,0
0.4885,1.760906204,2.967636193,0
0.489,1.760923292,2.956908174,0
0.4895,1.773362216,2.910930345,0
0.49,1.754404993,2.901597265,0
0.4905,1.77756633,2.914969527,0
0.491,1.775876524,2.932563562,0
0.4915,1.782686062,2.939089029,0
0.492,1.757390398,2.935516418,0
0.4925,1.771035028,2.956028099,0
0.493,1.793045436,2.946838552,0
0.4935,1.802947142,2.950354426,0
0.494,1.789836842,2.960106626,0
0.4945,1.763444927,2.983539491,0
0.495,1.843537132,2.988335944,0
0.4955,1.86163349,2.982789714,0
0.496,1.868733037,2.956557765,0
0.4965,1.842700587,2.972121942,0
0.497,1.853172128,2.986241182,0
0.4975,1.79562684,2.970172848,0
0.498,1.833329453,2.966874723,0
0.4985,1.846685337,2.978836935,0
0.499,1.839569816,2.983523873,0
0.4995,1.863007611,2.963461154,0
0.5,1.814700975,2.985483944,0
0.0005,3.215921422,4.623788959,1
0.001,3.227602734,4.550226789,1
0.0015,3.187584807,4.462473522,1
0.002,3.160697078,4.445152849,1
0.0025,3.17994901,4.438501943,1
0.003,3.246534594,4.461810523,1
0.0035,3.239599063,4.483432002,1
0.004,3.283712559,4.454503609,1
0.0045,3.288573753,4.426670278,1
0.005,3.290643591,4.404951248,1
0.0055,3.291113144,4.370188583,1
0.006,3.292575459,4.309040474,1
0.0065,3.243347723,4.352410977,1
0.007,3.276182285,4.281883864,1
0.0075,3.344374261,4.236556877,1
0.008,3.389368345,4.232388287,1
0.0085,3.403665898,4.258424854,1
0.009,3.372959794,4.242607823,1
0.0095,3.369969133,4.255252284,1
0.01,3.427814937,4.22247308,1
0.0105,3.400151575,4.24079481,1
0.011,3.383440028,4.27440033,1
0.0115,3.405239254,4.300351512,1
0.012,3.384097502,4.223971223,1
0.0125,3.400875191,4.194216835,1
0.013,3.407948577,4.174932451,1
0.0135,3.371014998,4.235989586,1
0.014,3.344491642,4.226918322,1
0.0145,3.321223209,4.213140031,1
0.015,3.364895692,4.207692227,1
0.0155,3.410142339,4.212795123,1
0.016,3.479075383,4.147303221,1
0.0165,3.435740643,4.098536813,1
0.017,3.444633125,4.115058501,1
0.0175,3.505352145,4.082820877,1
0.018,3.496179626,4.080918302,1
0.0185,3.508115261,4.053988215,1
0.019,3.544986123,4.025737761,1
0.0195,3.580896195,4.03115203,1
0.02,3.565304767,4.031493785,1
0.0205,3.523701429,4.040052054,1
0.021,3.553970715,4.008440252,1
0.0215,3.575206324,4.013743777,1
0.022,3.537434662,4.074744873,1
0.0225,3.551019496,4.067003321,1
0.023,3.483999974,4.090335977,1
0.0235,3.462677848,4.019166146,1
0.024,3.477954348,4.000768184,1
0.0245,3.419837383,3.969228421,1
0.025,3.423802639,3.914243131,1
0.0255,3.432970521,3.855134924,1
0.026,3.495552235,3.844753852,1
0.0265,3.519702937,3.817803759,1
0.027,3.518952771,3.763892102,1
0.0275,3.521858511,3.734650425,1
0.028,3.411215657,3.743263206,1
0.0285,3.455411848,3.759533146,1
0.029,3.455109981,3.714864854,1
0.0295,3.401609914,3.712133048,1
0.03,3.360898416,3.720987144,1
0.0305,3.340978962,3.719909494,1
0.031,3.38817146,3.682771478,1
0.0315,3.339997478,3.698268669,1
0.032,3.409928508,3.777704523,1
0.0325,3.393882326,3.814929178,1
0.033,3.396364352,3.791993139,1
0.0335,3.401105582,3.741011751,1
0.034,3.420237745,3.709206141,1
0.0345,3.392479671,3.705347727,1
0.035,3.429276099,3.766231203,1
0.0355,3.364645322,3.728142675,1
0.036,3.284237169,3.703123021,1
0.0365,3.249303068,3.638388081,1
0.037,3.234721486,3.592589553,1
0.0375,3.260102918,3.57568942,1
0.038,3.324435924,3.582261562,1
0.0385,3.382655873,3.567946756,1
0.039,3.397326512,3.543417682,1
0.0395,3.341729098,3.571193257,1
0.04,3.305172332,3.599133204,1
0.0405,3.311924733,3.587050889,1
0.041,3.354148342,3.611520981,1
0.0415,3.32997251,3.612398022,1
0.042,3.234609073,3.623816013,1
0.0425,3.269429587,3.557850455,1
0.043,3.251792763,3.54888683,1
0.0435,3.248536436,3.537502021,1
0.044,3.226066381,3.553254826,1
0.0445,3.287712432,3.529085633,1
0.045,3.25462822,3.531616754,1
0.0455,3.267750384,3.494485705,1
0.046,3.259734681,3.46107066,1
0.0465,3.329957166,3.524760492,1
0.047,3.339841866,3.49159205,1
0.0475,3.307344885,3.507638635,1
0.048,3.285535213,3.536253553,1
0.0485,3.27698503,3.576149074,1
0.049,3.217347096,3.594641037,1
0.0495,3.262900672,3.568616478,1
0.05,3.246524416,3.593027437,1
0.0505,3.227979768,3.562175696,1
0.051,3.227032331,3.559045458,1
0.0515,3.243749069,3.541428854,1
0.052,3.24738102,3.51632364,1
0.0525,3.267052002,3.48025324,1
0.053,3.349347067,3.497085897,1
0.0535,3.372428187,3.519936988,1
0.054,3.323745058,3.549182531,1
0.0545,3.364327939,3.518592361,1
0.055,3.453818974,3.487306689,1
0.0555,3.479379034,3.442882742,1
0.056,3.444846354,3.48120393,1
0.0565,3.469076965,3.48087578,1
0.057,3.477381545,3.543617986,1
0.0575,3.413324062,3.509624395,1
0.058,3.400553635,3.500777291,1
0.0585,3.344562204,3.480899416,1
0.059,3.359179298,3.473035965,1
0.0595,3.367339465,3.460769017,1
0.06,3.364174238,3.488725591,1
0.0605,3.325524082,3.529214584,1
0.061,3.404065804,3.567099415,1
0.0615,3.494652016,3.576244929,1
0.062,3.513929676,3.681898974,1
0.0625,3.504570999,3.752801399,1
0.063,3.509285569,3.762935053,1
0.0635,3.410731202,3.81315481,1
0.064,3.450145748,3.791878959,1
0.0645,3.463767036,3.78880297,1
0.065,3.432970761,3.786207482,1
0.0655,3.422202428,3.797378467,1
0.066,3.338291863,3.797987558,1
0.0665,3.337010018,3.838043737,1
0.067,3.340224316,3.812686268,1
0.0675,3.331461672,3.819317197,1
0.068,3.328884047,3.82564838,1
0.0685,3.382520008,3.788196959,1
0.069,3.390501791,3.768325438,1
0.0695,3.416820914,3.754150459,1
0.07,3.364380857,3.778224823,1
0.0705,3.311909044,3.833436294,1
0.071,3.273905786,3.864457832,1
0.0715,3.241055112,3.869810509,1
0.072,3.228735598,3.828204031,1
0.0725,3.243771057,3.782826795,1
0.073,3.269257281,3.7789469,1
0.0735,3.247890362,3.766043441,1
0.074,3.207943072,3.752059669,1
0.0745,3.243722798,3.793808311,1
0.075,3.262788645,3.78110384,1
0.0755,3.255055404,3.833210336,1
0.076,3.259646809,3.851733533,1
0.0765,3.315230647,3.882042278,1
0.077,3.234046488,3.925665622,1
0.0775,3.247707728,3.957375219,1
0.078,3.246503989,3.928800306,1
0.0785,3.250317793,3.97114318,1
0.079,3.261265555,3.959197023,1
0.0795,3.261410872,3.95577355,1
0.08,3.237915653,3.950755614,1
0.0805,3.273465195,3.963619802,1
0.081,3.307981642,3.862707191,1
0.0815,3.270211577,3.842934747,1
0.082,3.285776839,3.807031245,1
0.0825,3.228064285,3.741110482,1
0.083,3.236542562,3.744766102,1
0.0835,3.306473993,3.830953705,1
0.084,3.284731568,3.889535956,1
0.0845,3.25247211,3.944237557,1
0.085,3.229701379,3.940438821,1
0.0855,3.175531361,3.87704964,1
0.086,3.17005461,3.851281303,1
0.0865,3.171205058,3.7907348,1
0.087,3.209709984,3.7561397,1
0.0875,3.283627391,3.823514947,1
0.088,3.256180991,3.826830526,1
0.0885,3.235158167,3.820416224,1
0.089,3.242818454,3.857414412,1
0.0895,3.254175535,3.890501813,1
0.09,3.306895265,3.873671982,1
0.0905,3.327541146,3.865339457,1
0.091,3.274687771,3.872217183,1
0.0915,3.247518466,3.873093189,1
0.092,3.262179493,3.835135756,1
0.0925,3.309348079,3.767675615,1
0.093,3.290140404,3.748178313,1
0.0935,3.261217505,3.707721043,1
0.094,3.29129509,3.759526397,1
0.0945,3.32974884,3.80664361,1
0.095,3.377189755,3.822411833,1
0.0955,3.360182699,3.874266582,1
0.096,3.361257737,3.890011565,1
0.0965,3.397558006,3.924167214,1
0.097,3.436841763,3.912533904,1
0.0975,3.403285518,3.91759098,1
0.098,3.427872053,3.876774348,1
0.0985,3.376358473,3.9004686,1
0.099,3.366001929,3.954488702,1
0.0995,3.400799327,4.001638142,1
0.1,3.339051339,4.071960468,1
0.1005,3.336099385,4.130422504,1
0.101,3.306259811,4.123381847,1
0.1015,3.374845701,4.138633447,1
0.102,3.41310325,4.127075719,1
0.1025,3.386495565,4.145167805,1
0.103,3.39209445,4.174761461,1
0.1035,3.439573829,4.119208592,1
0.104,3.45187516,4.109787761,1
0.1045,3.430641294,4.117295841,1
0.105,3.435267792,4.104602523,1
0.1055,3.442135566,4.154060392,1
0.106,3.412800715,4.18315669,1
0.1065,3.407612374,4.106799843,1
0.107,3.427935247,4.071744683,1
0.1075,3.434821192,4.051922104,1
0.108,3.402501069,4.110763725,1
0.1085,3.429476545,4.076078401,1
0.109,3.409765437,4.100110518,1
0.1095,3.45776935,4.08314358,1
0.11,3.483786183,4.160016863,1
0.1105,3.517595258,4.209600955,1
0.111,3.546745316,4.226772143,1
0.1115,3.521411679,4.255126358,1
0.112,3.510712323,4.232804588,1
0.1125,3.534042161,4.222337067,1
0.113,3.460180323,4.244351072,1
0.1135,3.492717716,4.199618638,1
0.114,3.483039967,4.225083802,1
0.1145,3.454183452,4.258249612,1
0.115,3.465151281,4.26964388,1
0.1155,3.459997798,4.268892643,1
0.116,3.411144523,4.353281928,1
0.1165,3.387883696,4.322135295,1
0.117,3.339156217,4.308232663,1
0.1175,3.311348173,4.335846184,1
0.118,3.308581503,4.360902947,1
0.1185,3.284732209,4.423818144,1
0.119,3.221788889,4.429654191,1
0.1195,3.229469759,4.434500223,1
0.12,3.277498712,4.452026193,1
0.1205,3.263703789,4.443453589,1
0.121,3.20089091,4.451836238,1
0.1215,3.137560559,4.433294136,1
0.122,3.126678478,4.424368914,1
0.1225,3.137591144,4.41030757,1
0.123,3.226427993,4.463742424,1
0.1235,3.228604423,4.473290564,1
0.124,3.26147675,4.465265518,1
0.1245,3.296892617,4.48266114,1
0.125,3.227231038,4.461156268,1
0.1255,3.241701252,4.470095922,1
0.126,3.249801821,4.500910685,1
0.1265,3.293553652,4.541224254,1
0.127,3.301399677,4.530732184,1
0.1275,3.225495676,4.478910138,1
0.128,3.267523367,4.483578707,1
0.1285,3.272768961,4.445197951,1
0.129,3.24686922,4.452234426,1
0.1295,3.261003061,4.381878925,1
0.13,3.261908032,4.393936456,1
0.1305,3.251079579,4.406147466,1
0.131,3.27792738,4.372577573,1
0.1315,3.248199493,4.40212619,1
0.132,3.256739551,4.430295951,1
0.1325,3.299414115,4.412397315,1
0.133,3.296707572,4.428981093,1
0.1335,3.30142296,4.420967062,1
0.134,3.283009551,4.447323629,1
0.1345,3.284742027,4.49166579,1
0.135,3.263140903,4.523439385,1
0.1355,3.219231639,4.504151773,1
0.136,3.249745416,4.427432003,1
0.1365,3.302590005,4.420544005,1
0.137,3.300861621,4.441361613,1
0.1375,3.244214759,4.448590756,1
0.138,3.256164296,4.424145945,1
0.1385,3.262513973,4.414718667,1
0.139,3.244373363,4.406439818,1
0.1395,3.271463823,4.399243643,1
0.14,3.292210069,4.417886238,1
0.1405,3.265145023,4.447625738,1
0.141,3.232139072,4.464346369,1
0.1415,3.230574716,4.431553814,1
0.142,3.143005972,4.429520548,1
0.1425,3.159008858,4.413961523,1
0.143,3.129644311,4.362735156,1
0.1435,3.086481694,4.343959512,1
0.144,3.056207314,4.3372518,1
0.1445,3.050419936,4.348539498,1
0.145,3.061165498,4.364751671,1
0.1455,3.07002602,4.382351087,1
0.146,3.080718608,4.355969524,1
0.1465,3.095041643,4.387115946,1
0.147,3.132442908,4.360104437,1
0.1475,3.163736247,4.424877731,1
0.148,3.170708244,4.455528451,1
0.1485,3.163001482,4.515657636,1
0.149,3.147954568,4.522895671,1
0.1495,3.18534358,4.494190453,1
0.15,3.202107942,4.435468464,1
0.1505,3.218674872,4.498125722,1
0.151,3.209286178,4.43828587,1
0.1515,3.236570438,4.396118921,1
0.152,3.291961481,4.354715697,1
0.1525,3.30361019,4.397720711,1
0.153,3.328156358,4.362408606,1
0.1535,3.286060732,4.416459888,1
0.154,3.312997029,4.404830582,1
0.1545,3.306797611,4.434916381,1
0.155,3.336754046,4.460383005,1
0.1555,3.31733717,4.477848481,1
0.156,3.319195795,4.475726072,1
0.1565,3.316733813,4.458505179,1
0.157,3.294802412,4.456480087,1
0.1575,3.255376078,4.409340119,1
0.158,3.216379353,4.394011204,1
0.1585,3.196255891,4.361479677,1
0.159,3.217019031,4.313032217,1
0.1595,3.213427776,4.335697878,1
0.16,3.186104348,4.32200341,1
0.1605,3.184620307,4.292824362,1
0.161,3.215806308,4.252390398,1
0.1615,3.204174172,4.291398832,1
0.162,3.19547295,4.304865453,1
0.1625,3.206516909,4.285888689,1
0.163,3.234324394,4.267291828,1
0.1635,3.231917104,4.32858079,1
0.164,3.212423845,4.376428328,1
0.1645,3.226172424,4.420954484,1
0.165,3.272149655,4.413088125,1
0.1655,3.366274656,4.431903512,1
0.166,3.390956656,4.444936732,1
0.1665,3.416221016,4.451643008,1
0.167,3.43002065,4.435616892,1
0.1675,3.439599686,4.392298846,1
0.168,3.451921015,4.384685804,1
0.1685,3.460520707,4.392250686,1
0.169,3.486566291,4.357784632,1
0.1695,3.462012418,4.391650524,1
0.17,3.434148565,4.413578248,1
0.1705,3.419777677,4.42266406,1
0.171,3.465823013,4.418205103,1
0.1715,3.481947905,4.376282877,1
0.172,3.444791416,4.346256719,1
0.1725,3.450995918,4.312654606,1
0.173,3.494479307,4.209821526,1
0.1735,3.531041209,4.134989416,1
0.174,3.565217824,4.071263486,1
0.1745,3.57822938,4.053900311,1
0.175,3.583764765,4.044898293,1
0.1755,3.517174936,4.086297752,1
0.176,3.54492549,4.103071939,1
0.1765,3.544748424,4.077904151,1
0.177,3.58539153,4.054714573,1
0.1775,3.577130026,4.081295718,1
0.178,3.591806151,4.069872061,1
0.1785,3.600201855,4.067602897,1
0.179,3.582219761,4.054093696,1
0.1795,3.517242701,4.041715739,1
0.18,3.551615465,4.0011365,1
0.1805,3.494561733,4.036605583,1
0.181,3.497602681,4.014357247,1
0.1815,3.540625645,4.034393408,1
0.182,3.563476199,4.053121637,1
0.1825,3.591897454,4.049679002,1
0.183,3.523345625,4.025096514,1
0.1835,3.452316151,4.05056194,1
0.184,3.399601111,4.044291189,1
0.1845,3.416669413,4.047590565,1
0.185,3.368490871,4.039686279,1
0.1855,3.377954494,4.015679093,1
0.186,3.339894949,4.005386249,1
0.1865,3.416141247,3.974460442,1
0.187,3.421730561,3.971069763,1
0.1875,3.472207594,3.941925328,1
0.188,3.471899873,3.924673791,1
0.1885,3.514644064,3.931430361,1
0.189,3.502858451,3.956474845,1
0.1895,3.444882882,3.914946642,1
0.19,3.446737208,3.898497013,1
0.1905,3.377684348,3.861176137,1
0.191,3.331248187,3.853989047,1
0.1915,3.316820807,3.910029131,1
0.192,3.347486542,3.883640406,1
0.1925,3.36383437,3.844654229,1
0.193,3.36631483,3.870938993,1
0.1935,3.33807921,3.905252814,1
0.194,3.342901077,3.87874463,1
0.1945,3.337763086,3.877179366,1
0.195,3.3190002,3.87519752,1
0.1955,3.320926241,3.894394433,1
0.196,3.285802047,3.867704024,1
0.1965,3.280552515,3.900225845,1
0.197,3.223447983,3.876529684,1
0.1975,3.216202294,3.887216851,1
0.198,3.189181412,3.903298997,1
0.1985,3.162714343,3.875089765,1
0.199,3.118732797,3.838199819,1
0.1995,3.121275572,3.834422179,1
0.2,3.100279849,3.85234475,1
0.2005,3.046401658,3.872841291,1
0.201,2.985737166,3.848889803,1
0.2015,3.015150607,3.869656985,1
0.202,3.089534066,3.911560211,1
0.2025,3.126376529,3.941542518,1
0.203,3.140144936,3.972011042,1
0.2035,3.170810519,3.965436593,1
0.204,3.139149636,3.942598875,1
0.2045,3.060048026,3.918446408,1
0.205,2.940417115,3.921520805,1
0.2055,2.944971304,3.940958168,1
0.206,2.962625291,3.928377302,1
0.2065,2.977834824,3.927838402,1
0.207,3.036067679,3.915098104,1
0.2075,3.053452953,3.903167157,1
0.208,3.069814872,3.869256552,1
0.2085,3.143921659,3.868354099,1
0.209,3.210288125,3.88870524,1
0.2095,3.2120254,3.910470401,1
0.21,3.171693329,3.867918902,1
0.2105,3.110000457,3.87472403,1
0.211,3.110065329,3.856572659,1
0.2115,3.084623097,3.838995396,1
0.212,3.082119604,3.862297981,1
0.2125,3.05288161,3.855281887,1
0.213,3.083844855,3.89090275,1
0.2135,3.109905998,3.850455245,1
0.214,3.052751125,3.854064518,1
0.2145,3.108798051,3.894894753,1
0.215,3.09188975,3.883795627,1
0.2155,3.069257242,3.884200065,1
0.216,3.144901564,3.816394982,1
0.2165,3.200563017,3.841848813,1
0.217,3.195010891,3.858641454,1
0.2175,3.190097687,3.839275892,1
0.218,3.22739671,3.824754911,1
0.2185,3.188570272,3.830299164,1
0.219,3.189661061,3.762623339,1
0.2195,3.218468884,3.736701858,1
0.22,3.199090226,3.694507791,1
0.2205,3.19270032,3.662681907,1
0.221,3.208936648,3.697409762,1
0.2215,3.22416489,3.725637774,1
0.222,3.243124778,3.802110083,1
0.2225,3.218071381,3.802381099,1
0.223,3.225121925,3.756503515,1
0.2235,3.22614554,3.787335669,1
0.224,3.235229287,3.721159053,1
0.2245,3.20292426,3.739388603,1
0.225,3.217402424,3.726006091,1
0.2255,3.209485755,3.722442405,1
0.226,3.23671578,3.69850237,1
0.2265,3.262296776,3.698756337,1
0.227,3.26528166,3.729217832,1
0.2275,3.232033675,3.742686651,1
0.228,3.22699699,3.703880808,1
0.2285,3.25203654,3.710516267,1
0.229,3.268576083,3.698111371,1
0.2295,3.294026739,3.65759226,1
0.23,3.375879845,3.66048816,1
0.2305,3.372649993,3.665383673,1
0.231,3.386149762,3.672177827,1
0.2315,3.361408291,3.693102987,1
0.232,3.380824302,3.696642459,1
0.2325,3.418015084,3.713442797,1
0.233,3.432781465,3.694261896,1
0.2335,3.437308103,3.66326456,1
0.234,3.378100721,3.688118676,1
0.2345,3.403188673,3.653436438,1
0.235,3.469022465,3.619985061,1
0.2355,3.493006434,3.659420097,1
0.236,3.490610737,3.664859164,1
0.2365,3.443014744,3.684497526,1
0.237,3.42593056,3.723774262,1
0.2375,3.444377541,3.686615473,1
0.238,3.495913153,3.696735736,1
0.2385,3.490569471,3.682901934,1
0.239,3.494156785,3.667789269,1
0.2395,3.492457186,3.633502033,1
0.24,3.459703148,3.694136405,1
0.2405,3.4267262,3.785006416,1
0.241,3.443114516,3.747697251,1
0.2415,3.444186357,3.762346681,1
0.242,3.425197945,3.789598601,1
0.2425,3.429809587,3.796973724,1
0.243,3.430244814,3.832268353,1
0.2435,3.397843969,3.847807219,1
0.244,3.384206267,3.833504858,1
0.2445,3.377551369,3.839023034,1
0.245,3.439422126,3.882391249,1
0.2455,3.526465262,3.821771344,1
0.246,3.536325981,3.804845076,1
0.2465,3.517158171,3.839288462,1
0.247,3.521848769,3.780792182,1
0.2475,3.509711757,3.765586998,1
0.248,3.529700127,3.762014594,1
0.2485,3.558642658,3.69459442,1
0.249,3.566283186,3.694894806,1
0.2495,3.575004834,3.706444922,1
0.25,3.644095738,3.6473681,1
0.2505,3.616962574,3.668663415,1
0.251,3.624014085,3.74000563,1
0.2515,3.633663287,3.725318681,1
0.252,3.585615132,3.68214665,1
0.2525,3.53374823,3.650530715,1
0.253,3.561159251,3.671913363,1
0.2535,3.547088296,3.661721512,1
0.254,3.579763231,3.687209164,1
0.2545,3.588192507,3.718430491,1
0.255,3.597062288,3.750294934,1
0.2555,3.650408984,3.760966878,1
0.256,3.627595605,3.765391246,1
0.2565,3.584321052,3.750031803,1
0.257,3.522100084,3.756386645,1
0.2575,3.529850862,3.780704801,1
0.258,3.501801848,3.842331973,1
0.2585,3.514185937,3.819863932,1
0.259,3.509887294,3.811203814,1
0.2595,3.510317979,3.781396705,1
0.26,3.519292455,3.786528337,1
0.2605,3.593447208,3.772719795,1
0.261,3.616190647,3.778181072,1
0.2615,3.593075793,3.76662275,1
0.262,3.648347743,3.832424581,1
0.2625,3.586106783,3.881709067,1
0.263,3.608164683,3.902208077,1
0.2635,3.620653233,3.844731276,1
0.264,3.599820162,3.845904016,1
0.2645,3.614502439,3.878038837,1
0.265,3.555747675,3.937306146,1
0.2655,3.552770309,3.903402356,1
0.266,3.519524222,3.902357412,1
0.2665,3.594855349,3.883048807,1
0.267,3.598476758,3.935079041,1
0.2675,3.557638696,3.905521803,1
0.268,3.610113846,3.896331439,1
0.2685,3.622209341,3.883928664,1
0.269,3.668021506,3.84996213,1
0.2695,3.647293468,3.82579367,1
0.27,3.620061947,3.815176128,1
0.2705,3.605965612,3.787708185,1
0.271,3.573646324,3.73695185,1
0.2715,3.611686512,3.743584081,1
0.272,3.626145686,3.691833298,1
0.2725,3.631687969,3.666538642,1
0.273,3.716765152,3.649210462,1
0.2735,3.731454932,3.652873925,1
0.274,3.715206877,3.689650205,1
0.2745,3.75694292,3.719415578,1
0.275,3.759074025,3.618005452,1
0.2755,3.77057385,3.666687371,1
0.276,3.820684955,3.621713038,1
0.2765,3.850677185,3.65203579,1
0.277,3.818551925,3.613009631,1
0.2775,3.792738505,3.561670735,1
0.278,3.771244759,3.550166805,1
0.2785,3.766850066,3.518133113,1
0.279,3.815163675,3.488576648,1
0.2795,3.851506259,3.475086334,1
0.28,3.800153035,3.474672235,1
0.2805,3.746397888,3.501426561,1
0.281,3.795550253,3.465961284,1
0.2815,3.782621157,3.465130767,1
0.282,3.762896821,3.477980987,1
0.2825,3.731086216,3.518629345,1
0.283,3.717782015,3.501803097,1
0.2835,3.793134634,3.450981073,1
0.284,3.742733539,3.435483875,1
0.2845,3.711550972,3.454877707,1
0.285,3.682647489,3.434688005,1
0.2855,3.685912714,3.466802741,1
0.286,3.702368179,3.429401223,1
0.2865,3.708001675,3.455342256,1
0.287,3.697091294,3.493996996,1
0.2875,3.775729702,3.502222617,1
0.288,3.785676632,3.570570277,1
0.2885,3.780291248,3.567794555,1
0.289,3.761927026,3.583999615,1
0.2895,3.762491125,3.570085887,1
0.29,3.805610197,3.593512833,1
0.2905,3.744537932,3.628788186,1
0.291,3.767784499,3.609177193,1
0.2915,3.685002661,3.621351641,1
0.292,3.701087894,3.576767245,1
0.2925,3.698186993,3.572990908,1
0.293,3.757684822,3.597435914,1
0.2935,3.742519771,3.624289537,1
0.294,3.674820814,3.675546159,1
0.2945,3.674500892,3.69262905,1
0.295,3.701045112,3.710788638,1
0.2955,3.69028258,3.744238573,1
0.296,3.678990867,3.747441234,1
0.2965,3.691813867,3.763039338,1
0.297,3.65182307,3.783031153,1
0.2975,3.652127093,3.780955623,1
0.298,3.636907629,3.768866199,1
0.2985,3.588072988,3.779805714,1
0.299,3.599231081,3.724391345,1
0.2995,3.621040181,3.736606851,1
0.3,3.647766013,3.794416362,1
0.3005,3.605233402,3.805819486,1
0.301,3.667694997,3.868391017,1
0.3015,3.790303782,3.887522519,1
0.302,3.81422202,3.911952388,1
0.3025,3.764352642,3.918623343,1
0.303,3.780420464,3.93065263,1
0.3035,3.765723908,3.927472977,1
0.304,3.737254894,3.919839693,1
0.3045,3.772132428,3.837370798,1
0.305,3.82010131,3.829254619,1
0.3055,3.825693244,3.856649936,1
0.306,3.805244358,3.847231621,1
0.3065,3.769487134,3.787580726,1
0.307,3.821497238,3.760153208,1
0.3075,3.849993731,3.729724583,1
0.308,3.815563095,3.723836183,1
0.3085,3.815495442,3.743146293,1
0.309,3.842342086,3.692718773,1
0.3095,3.836848619,3.684709693,1
0.31,3.801133692,3.665439617,1
0.3105,3.764596189,3.686354123,1
0.311,3.792354206,3.725788624,1
0.3115,3.777124451,3.708372666,1
0.312,3.757944901,3.720088089,1
0.3125,3.809904119,3.751647264,1
0.313,3.838532511,3.768364868,1
0.3135,3.861278499,3.816409979,1
0.314,3.871946825,3.853224102,1
0.3145,3.892304582,3.901392514,1
0.315,3.822553597,3.922962526,1
0.3155,3.838214656,3.904354753,1
0.316,3.833127712,3.862267405,1
0.3165,3.825908283,3.844054217,1
0.317,3.813301605,3.836536225,1
0.3175,3.780743049,3.866573801,1
0.318,3.792099743,3.853970235,1
0.3185,3.778249943,3.829968103,1
0.319,3.824295279,3.796541869,1
0.3195,3.805626632,3.77869049,1
0.32,3.844137872,3.724680653,1
0.3205,3.933572537,3.696263724,1
0.321,3.949863816,3.674619602,1
0.3215,3.900295772,3.595094203,1
0.322,3.937079233,3.610630007,1
0.3225,3.967619981,3.632558549,1
0.323,3.981048995,3.653212537,1
0.3235,4.00333789,3.630378169,1
0.324,3.976940184,3.609734182,1
0.3245,3.967412151,3.642126764,1
0.325,4.021220846,3.662076457,1
0.3255,3.998595449,3.677186584,1
0.326,3.999144833,3.652220767,1
0.3265,3.979180781,3.65959996,1
0.327,3.999243359,3.613937215,1
0.3275,4.027579991,3.571793992,1
0.328,3.990922442,3.553367142,1
0.3285,3.911790806,3.586748994,1
0.329,3.878061932,3.647945566,1
0.3295,3.914916481,3.627484545,1
0.33,3.844389845,3.573734374,1
0.3305,3.870898378,3.498792377,1
0.331,3.898816602,3.452675667,1
0.3315,3.853304081,3.421445918,1
0.332,3.856924961,3.394234188,1
0.3325,3.882169258,3.362976415,1
0.333,3.868186064,3.365623006,1
0.3335,3.926055637,3.361777425,1
0.334,3.905568302,3.340295494,1
0.3345,3.914644151,3.309157116,1
0.335,3.906372962,3.308494831,1
0.3355,3.924293684,3.36876501,1
0.336,3.954444149,3.331444352,1
0.3365,3.912227203,3.320273896,1
0.337,3.893669524,3.336793103,1
0.3375,3.899019681,3.316039994,1
0.338,3.930427671,3.305000403,1
0.3385,3.928755402,3.305107484,1
0.339,3.971107874,3.319677286,1
0.3395,3.964173792,3.334842739,1
0.34,3.937034481,3.327244524,1
0.3405,3.908018691,3.313943769,1
0.341,3.898294355,3.247818766,1
0.3415,3.840260921,3.251599899,1
0.342,3.82550795,3.266887621,1
0.3425,3.878154634,3.292822988,1
0.343,3.89433628,3.316035036,1
0.3435,3.929248405,3.303909398,1
0.344,3.93329839,3.314815281,1
0.3445,3.883111725,3.338452719,1
0.345,3.885286846,3.329224329,1
0.3455,3.841231939,3.295332327,1
0.346,3.769740557,3.300804673,1
0.3465,3.798326079,3.324413913,1
0.347,3.750076829,3.378961504,1
0.3475,3.752464703,3.364656447,1
0.348,3.766277562,3.36444392,1
0.3485,3.756876868,3.409046465,1
0.349,3.696725403,3.405183965,1
0.3495,3.724173404,3.378161844,1
0.35,3.774520608,3.377361367,1
0.3505,3.721499178,3.41129201,1
0.351,3.705266983,3.401081512,1
0.3515,3.755988296,3.385606867,1
0.352,3.68476557,3.421682756,1
0.3525,3.699608302,3.425694754,1
0.353,3.638585609,3.407260019,1
0.3535,3.606186931,3.364154066,1
0.354,3.589100755,3.332750064,1
0.3545,3.536525759,3.336209094,1
0.355,3.487100479,3.358178363,1
0.3555,3.429731248,3.360123759,1
0.356,3.405994918,3.404613661,1
0.3565,3.436048878,3.339954822,1
0.357,3.356092851,3.340660724,1
0.3575,3.332887822,3.372438905,1
0.358,3.298488579,3.373016757,1
0.3585,3.338549258,3.391526402,1
0.359,3.333837829,3.351430916,1
0.3595,3.311395026,3.396282537,1
0.36,3.333052358,3.383914639,1
0.3605,3.318259726,3.37204922,1
0.361,3.318845408,3.355743592,1
0.3615,3.296743825,3.364084853,1
0.362,3.277131899,3.433040368,1
0.3625,3.295819187,3.472420356,1
0.363,3.306215054,3.468328299,1
0.3635,3.297516298,3.534523854,1
0.364,3.28424519,3.554133846,1
0.3645,3.363838587,3.573719862,1
0.365,3.404426751,3.577239353,1
0.3655,3.351566574,3.595143382,1
0.366,3.334439587,3.556379461,1
0.3665,3.274304376,3.591871403,1
0.367,3.270933911,3.568940704,1
0.3675,3.295532362,3.621629952,1
0.368,3.344352341,3.664869424,1
0.3685,3.290199996,3.667261345,1
0.369,3.203254125,3.661805012,1
0.3695,3.185329227,3.653757262,1
0.37,3.231363515,3.62116267,1
0.3705,3.2689086,3.626910411,1
0.371,3.295330688,3.602078603,1
0.3715,3.314100466,3.584755941,1
0.372,3.341977887,3.530402627,1
0.3725,3.275403407,3.466599203,1
0.373,3.304456425,3.442766634,1
0.3735,3.308689978,3.480937952,1
0.374,3.267880396,3.437877024,1
0.3745,3.263522682,3.446629672,1
0.375,3.290787418,3.421258585,1
0.3755,3.410701413,3.399057871,1
0.376,3.393427591,3.422104115,1
0.3765,3.35080538,3.436522181,1
0.377,3.284427052,3.429278576,1
0.3775,3.276716812,3.457091144,1
0.378,3.305217132,3.432450701,1
0.3785,3.268842476,3.427720093,1
0.379,3.315037423,3.385761004,1
0.3795,3.338914683,3.390392181,1
0.38,3.33476349,3.387511911,1
0.3805,3.424071441,3.321297695,1
0.381,3.374299996,3.355766729,1
0.3815,3.309486503,3.333781301,1
0.382,3.311549302,3.333257493,1
0.3825,3.396189453,3.342920428,1
0.383,3.397235996,3.367593962,1
0.3835,3.34483031,3.388699367,1
0.384,3.406490845,3.348228995,1
0.3845,3.458806972,3.372117573,1
0.385,3.430707615,3.336155848,1
0.3855,3.409680452,3.341955745,1
0.386,3.362585573,3.324462618,1
0.3865,3.394290915,3.326664019,1
0.387,3.456886915,3.326193712,1
0.3875,3.443549107,3.368542873,1
0.388,3.465167506,3.43127159,1
0.3885,3.46175004,3.462363394,1
0.389,3.51056931,3.391923789,1
0.3895,3.521064033,3.42772341,1
0.39,3.500544201,3.426917824,1
0.3905,3.502437431,3.423347855,1
0.391,3.528073781,3.445007413,1
0.3915,3.529716738,3.400935129,1
0.392,3.509453262,3.434234767,1
0.3925,3.504741846,3.42798222,1
0.393,3.519653983,3.425313347,1
0.3935,3.519783569,3.43141007,1
0.394,3.539744311,3.407161962,1
0.3945,3.544026872,3.400793591,1
0.395,3.567158698,3.419894655,1
0.3955,3.54361554,3.410231394,1
0.396,3.5331807,3.41256086,1
0.3965,3.514779988,3.425237129,1
0.397,3.532741888,3.431155521,1
0.3975,3.526556428,3.422684179,1
0.398,3.519843585,3.423522825,1
0.3985,3.527579555,3.417859456,1
0.399,3.557699618,3.401932446,1
0.3995,3.546917294,3.431826636,1
0.4,3.556899072,3.433631539,1
0.4005,3.541864628,3.498402425,1
0.401,3.55623923,3.57958788,1
0.4015,3.491928272,3.598543236,1
0.402,3.54182697,3.618716078,1
0.4025,3.601052636,3.6320767,1
0.403,3.664132415,3.629300413,1
0.4035,3.67471704,3.608578769,1
0.404,3.693643738,3.620632727,1
0.4045,3.661239358,3.652364019,1
0.405,3.679043288,3.664445651,1
0.4055,3.687030607,3.652311343,1
0.406,3.63508042,3.6585201,1
0.4065,3.659440682,3.590195228,1
0.407,3.703708858,3.587003029,1
0.4075,3.623679212,3.633537645,1
0.408,3.580569194,3.676531774,1
0.4085,3.617771118,3.677779047,1
0.409,3.560366405,3.621559946,1
0.4095,3.495223452,3.645333073,1
0.41,3.509901482,3.607283048,1
0.4105,3.502684661,3.620006212,1
0.411,3.493824048,3.587873225,1
0.4115,3.491723948,3.563531375,1
0.412,3.513643411,3.543992358,1
0.4125,3.543314664,3.538727284,1
0.413,3.545378317,3.556277755,1
0.4135,3.55833402,3.57546207,1
0.414,3.562205649,3.579010462,1
0.4145,3.621422876,3.563744277,1
0.415,3.648256841,3.628556085,1
0.4155,3.688678168,3.606152744,1
0.416,3.691867004,3.601125603,1
0.4165,3.701638923,3.60163902,1
0.417,3.698189505,3.622163499,1
0.4175,3.755464848,3.648812089,1
0.418,3.765508143,3.649118971,1
0.4185,3.789222741,3.601043405,1
0.419,3.761099948,3.576017809,1
0.4195,3.781542746,3.531573996,1
0.42,3.764272418,3.521734069,1
0.4205,3.782338377,3.554260081,1
0.421,3.775444673,3.587982265,1
0.4215,3.774694614,3.568873777,1
0.422,3.759731703,3.581260112,1
0.4225,3.809357369,3.586354656,1
0.423,3.800201779,3.558175506,1
0.4235,3.758903763,3.542593316,1
0.424,3.734956338,3.593884421,1
0.4245,3.699738716,3.622453152,1
0.425,3.741847555,3.65806534,1
0.4255,3.809722167,3.654385507,1
0.426,3.846294555,3.643525891,1
0.4265,3.867683782,3.643645316,1
0.427,3.892294849,3.658523847,1
0.4275,3.919498491,3.694182718,1
0.428,3.941336024,3.697228974,1
0.4285,3.968529062,3.695435139,1
0.429,4.007211663,3.706095969,1
0.4295,3.957972774,3.691757948,1
0.43,3.994478494,3.618668735,1
0.4305,3.99614308,3.588281759,1
0.431,3.993111445,3.661868876,1
0.4315,4.011639881,3.61762379,1
0.432,4.045160045,3.616812043,1
0.4325,4.034714508,3.559252815,1
0.433,4.065294926,3.478065933,1
0.4335,4.06109174,3.460870299,1
0.434,4.061737943,3.4193174,1
0.4345,4.058621728,3.397152674,1
0.435,4.025404911,3.375630345,1
0.4355,4.01613628,3.3776029,1
0.436,4.089195114,3.343625755,1
0.4365,4.06078843,3.346958406,1
0.437,4.138641051,3.410949783,1
0.4375,4.07679051,3.437597804,1
0.438,4.069223264,3.451227584,1
0.4385,4.056371076,3.431530955,1
0.439,4.075572108,3.411881774,1
0.4395,4.014429438,3.428906627,1
0.44,3.970042741,3.43307719,1
0.4405,3.967902131,3.429062181,1
0.441,3.997233609,3.433966684,1
0.4415,4.010633782,3.458718016,1
0.442,4.01947089,3.447293648,1
0.4425,3.984222088,3.463746869,1
0.443,4.00835927,3.449824948,1
0.4435,4.029275461,3.467649759,1
0.444,4.026424857,3.538272859,1
0.4445,4.059607303,3.524020393,1
0.445,4.09911872,3.534360032,1
0.4455,4.158722414,3.504571735,1
0.446,4.193673588,3.489314448,1
0.4465,4.157128715,3.548872592,1
0.447,4.081749865,3.580545204,1
0.4475,4.078364873,3.556435661,1
0.448,4.011491021,3.559258171,1
0.4485,3.981219652,3.586665719,1
0.449,3.98970627,3.572734289,1
0.4495,3.996622184,3.585309278,1
0.45,3.978161343,3.62072797,1
0.4505,3.984574525,3.638335636,1
0.451,3.969317151,3.612195152,1
0.4515,3.946670745,3.636336187,1
0.452,3.927330735,3.650823481,1
0.4525,3.987070317,3.63731439,1
0.453,4.013432975,3.644410883,1
0.4535,4.045030044,3.565863498,1
0.454,4.060997147,3.55606727,1
0.4545,4.01968911,3.571492772,1
0.455,4.03493115,3.595500374,1
0.4555,4.048565149,3.60542449,1
0.456,4.04363057,3.567738248,1
0.4565,4.036055913,3.555389748,1
0.457,4.055041499,3.543646996,1
0.4575,4.102580492,3.563445461,1
0.458,4.121268046,3.536804275,1
0.4585,4.151789153,3.559944572,1
0.459,4.130181861,3.564308521,1
0.4595,4.122575088,3.556305117,1
0.46,4.186944184,3.517644222,1
0.4605,4.160194714,3.540169933,1
0.461,4.138868541,3.553410709,1
0.4615,4.164025781,3.62649287,1
0.462,4.19311399,3.657290381,1
0.4625,4.225817211,3.63548134,1
0.463,4.229713408,3.6260583,1
0.4635,4.240919176,3.657772011,1
0.464,4.277995297,3.631526574,1
0.4645,4.237605774,3.686551053,1
0.465,4.225422113,3.667988064,1
0.4655,4.230973514,3.638958889,1
0.466,4.199082976,3.652518208,1
0.4665,4.209677367,3.624245057,1
0.467,4.135364463,3.646566495,1
0.4675,4.139980406,3.636829612,1
0.468,4.108343706,3.626041054,1
0.4685,4.048739952,3.634206583,1
0.469,4.069310775,3.601072395,1
0.4695,4.063534086,3.616000655,1
0.47,4.10248956,3.590541653,1
0.4705,4.126108447,3.518564606,1
0.471,4.10263637,3.520841073,1
0.4715,4.097592083,3.518122906,1
0.472,4.08536304,3.485126973,1
0.4725,4.091270601,3.442916604,1
0.473,4.13381997,3.456882646,1
0.4735,4.126969515,3.488322138,1
0.474,4.136525887,3.453532134,1
0.4745,4.135755621,3.426343374,1
0.475,4.107466251,3.413374987,1
0.4755,4.016248028,3.441654841,1
0.476,4.012461963,3.431152201,1
0.4765,4.04374871,3.3842566,1
0.477,4.010367499,3.405902494,1
0.4775,4.041153327,3.382516478,1
0.478,4.022832657,3.399863098,1
0.4785,3.955129118,3.373286842,1
0.479,3.989146998,3.383083115,1
0.4795,4.008732202,3.394303388,1
0.48,3.97376426,3.406697938,1
0.4805,3.929025383,3.41159259,1
0.481,3.991758458,3.35353257,1
0.4815,3.987803604,3.333352424,1
0.482,3.944563178,3.318594335,1
0.4825,3.999259473,3.328608418,1
0.483,4.022231176,3.316127102,1
0.4835,4.004441468,3.35724129,1
0.484,3.984551547,3.321782395,1
0.4845,3.93899769,3.303644902,1
0.485,3.962323456,3.275405223,1
0.4855,3.961923046,3.280976544,1
0.486,3.939372121,3.300156031,1
0.4865,3.968301422,3.308421063,1
0.487,3.980490124,3.336434049,1
0.4875,3.907211253,3.312284743,1
0.488,3.890192934,3.308719177,1
0.4885,3.930781853,3.248592966,1
0.489,3.903054306,3.27166014,1
0.4895,3.945476153,3.254449197,1
0.49,3.945874632,3.315174082,1
0.4905,3.966662587,3.312512845,1
0.491,3.974166534,3.281504259,1
0.4915,3.931214286,3.285033441,1
0.492,3.87488965,3.332808056,1
0.4925,3.85136648,3.408854776,1
0.493,3.84066932,3.397974591,1
0.4935,3.873934286,3.389691869,1
0.494,3.895224835,3.397965208,1
0.4945,3.90500171,3.419202206,1
0.495,3.912047805,3.403532552,1
0.4955,3.934554813,3.306261889,1
0.496,3.965337692,3.290433386,1
0.4965,3.91230396,3.276988859,1
0.497,3.91321861,3.279697264,1
0.4975,3.95643925,3.237125589,1
0.498,3.916755964,3.20090164,1
0.4985,3.937984095,3.22164086,1
0.499,4.006400023,3.237774817,1
0.4995,3.997722079,3.215000342,1
0.5,4.014137171,3.242465785,1
0.0005,3.642886408,3.566761506,2
0.001,3.649682142,3.595434754,2
0.0015,3.669491312,3.614406185,2
0.002,3.648982319,3.65553761,2
0.0025,3.666649273,3.582093472,2
0.003,3.661665051,3.615726643,2
0.0035,3.698618516,3.676049178,2
0.004,3.693786729,3.753775956,2
0.0045,3.69237521,3.799232421,2
0.005,3.735045958,3.844458997,2
0.0055,3.674985687,3.822957175,2
0.006,3.644783866,3.788189261,2
0.0065,3.687222548,3.75922067,2
0.007,3.702520949,3.804025525,2
0.0075,3.736936419,3.794737016,2
0.008,3.709111882,3.829119711,2
0.0085,3.660465531,3.827557773,2
0.009,3.6842932,3.825901227,2
0.0095,3.671804532,3.813308991,2
0.01,3.65456347,3.797249898,2
0.0105,3.657690291,3.749016172,2
0.011,3.608820395,3.74269733,2
0.0115,3.578211723,3.718560132,2
0.012,3.56150435,3.714722621,2
0.0125,3.567120287,3.6813943,2
0.013,3.533459781,3.661654562,2
0.0135,3.538331531,3.728343379,2
0.014,3.562075663,3.750109614,2
0.0145,3.6182452,3.761732936,2
0.015,3.618083508,3.74630141,2
0.0155,3.616234994,3.690308441,2
0.016,3.64166283,3.718936357,2
0.0165,3.651588815,3.722453575,2
0.017,3.654136897,3.693205771,2
0.0175,3.679803851,3.678488292,2
0.018,3.729738124,3.682315046,2
0.0185,3.770544405,3.61684471,2
0.019,3.803400149,3.596376019,2
0.0195,3.788202282,3.575218108,2
0.02,3.781816176,3.586873412,2
0.0205,3.779184788,3.516982292,2
0.021,3.810572099,3.502510643,2
0.0215,3.893764335,3.56398204,2
0.022,3.950181178,3.538600797,2
0.0225,4.021755664,3.49515797,2
0.023,4.007622473,3.560499958,2
0.0235,4.025726079,3.539419867,2
0.024,4.042564919,3.584129703,2
0.0245,4.011657039,3.649479206,2
0.025,4.020438495,3.701758387,2
0.0255,3.983154322,3.715312808,2
0.026,3.975566716,3.716875464,2
0.0265,3.996543525,3.718805635,2
0.027,4.003990128,3.723798679,2
0.0275,3.977743638,3.683858425,2
0.028,3.954771224,3.7230644,2
0.0285,3.956313417,3.741294676,2
0.029,4.030315841,3.786133358,2
0.0295,4.084373383,3.786900946,2
0.03,4.142107427,3.778451055,2
0.0305,4.104979674,3.798715124,2
0.031,4.140512917,3.816979823,2
0.0315,4.20566859,3.859188936,2
0.032,4.263967187,3.851480111,2
0.0325,4.282533801,3.840099929,2
0.033,4.243151802,3.837626303,2
0.0335,4.200855011,3.785607775,2
0.034,4.142139632,3.786341284,2
0.0345,4.104049934,3.732487652,2
0.035,4.098017284,3.70644054,2
0.0355,4.065316638,3.742494971,2
0.036,4.042953075,3.735516914,2
0.0365,4.005693158,3.649581303,2
0.037,3.939836077,3.571905203,2
0.0375,3.95817773,3.474507574,2
0.038,3.907957013,3.428198765,2
0.0385,3.959909521,3.446903234,2
0.039,3.918269445,3.48843586,2
0.0395,3.887426105,3.566698849,2
0.04,3.822992771,3.496096743,2
0.0405,3.815386965,3.485436027,2
0.041,3.799158812,3.461629384,2
0.0415,3.777638687,3.487756659,2
0.042,3.738976657,3.517541675,2
0.0425,3.712225375,3.560498859,2
0.043,3.693106419,3.535903273,2
0.0435,3.737357919,3.569851012,2
0.044,3.69034475,3.599444922,2
0.0445,3.738424892,3.602157602,2
0.045,3.772168069,3.584547177,2
0.0455,3.813031621,3.561562078,2
0.046,3.798935477,3.501803202,2
0.0465,3.856892567,3.436419345,2
0.047,3.851596275,3.427509268,2
0.0475,3.849934094,3.437624909,2
0.048,3.843521148,3.408016982,2
0.0485,3.850120576,3.364362994,2
0.049,3.857543726,3.404405051,2
0.0495,3.78161697,3.429820912,2
0.05,3.774489039,3.422389814,2
0.0505,3.778633407,3.441871465,2
0.051,3.795256089,3.43602551,2
0.0515,3.826168107,3.424488873,2
0.052,3.775440035,3.429853174,2
0.0525,3.766103749,3.429817756,2
0.053,3.798230378,3.402124787,2
0.0535,3.844384087,3.382210212,2
0.054,3.900521929,3.404588201,2
0.0545,3.910864941,3.379017002,2
0.055,3.949576041,3.453341982,2
0.0555,3.967449438,3.488446352,2
0.056,4.017844164,3.42352242,2
0.0565,3.975861698,3.461034791,2
0.057,4.014342134,3.468670873,2
0.0575,4.031951144,3.502127429,2
0.058,4.013663393,3.519553722,2
0.0585,3.978209422,3.50189955,2
0.059,3.994549268,3.462075488,2
0.0595,3.963769662,3.440349863,2
0.06,3.913920792,3.373557768,2
0.0605,3.941750039,3.374587138,2
0.061,3.871020569,3.379339886,2
0.0615,3.877897385,3.372507989,2
0.062,3.960298556,3.444691247,2
0.0625,4.00551534,3.450959659,2
0.063,3.990321025,3.416255302,2
0.0635,4.010689815,3.436471357,2
0.064,3.99875289,3.437403103,2
0.0645,4.034520987,3.444203079,2
0.065,4.01151582,3.459836251,2
0.0655,4.01549863,3.432992729,2
0.066,3.995568291,3.40677637,2
0.0665,4.005611147,3.325248213,2
0.067,4.045484693,3.361392225,2
0.0675,4.088356326,3.373576334,2
0.068,4.1624074,3.362834436,2
0.0685,4.16745958,3.362891997,2
0.069,4.186891393,3.405066809,2
0.0695,4.193073109,3.403953584,2
0.07,4.262844488,3.438312579,2
0.0705,4.275217729,3.47293269,2
0.071,4.264261577,3.473530357,2
0.0715,4.231435293,3.441492676,2
0.072,4.169454063,3.423321041,2
0.0725,4.125688075,3.416345477,2
0.073,4.098347588,3.345952509,2
0.0735,4.117226678,3.313328973,2
0.074,4.166485848,3.300237553,2
0.0745,4.234758451,3.328732938,2
0.075,4.175312756,3.350142971,2
0.0755,4.142287502,3.362298108,2
0.076,4.168593993,3.344541839,2
0.0765,4.167736332,3.365342786,2
0.077,4.19727737,3.393177022,2
0.0775,4.171950953,3.330553112,2
0.078,4.213462018,3.296913367,2
0.0785,4.233924038,3.282804385,2
0.079,4.205707909,3.254657084,2
0.0795,4.214706769,3.141189773,2
0.08,4.274309492,3.181845857,2
0.0805,4.200142033,3.209023222,2
0.081,4.171780563,3.196816151,2
0.0815,4.160155145,3.243431871,2
0.082,4.104069952,3.247616189,2
0.0825,4.066321912,3.199518219,2
0.083,4.0585777,3.180485814,2
0.0835,4.081993838,3.184442504,2
0.084,4.110939193,3.1754078,2
0.0845,4.104374098,3.109191333,2
0.085,4.050548662,3.076842973,2
0.0855,4.017671286,3.037584784,2
0.086,3.974367785,3.042456104,2
0.0865,3.978062851,3.044750551,2
0.087,3.987278822,3.086233024,2
0.0875,3.963922977,3.050683063,2
0.088,3.903847546,3.075844679,2
0.0885,3.881278986,3.079108326,2
0.089,3.813499581,3.065428936,2
0.0895,3.805291645,3.029245065,2
0.09,3.822999875,2.993812216,2
0.0905,3.822396341,3.014883257,2
0.091,3.844293552,3.045620572,2
0.0915,3.813634967,3.049314429,2
0.092,3.746387823,3.051755079,2
0.0925,3.723918656,3.044418295,2
0.093,3.686299398,3.064858363,2
0.0935,3.708058132,3.078935838,2
0.094,3.659156867,3.091838665,2
0.0945,3.647880106,3.035991895,2
0.095,3.685989679,2.971261774,2
0.0955,3.674518977,2.937992822,2
0.096,3.699232711,2.928211562,2
0.0965,3.68324329,2.93478554,2
0.097,3.683314123,2.997596122,2
0.0975,3.720030086,3.002244437,2
0.098,3.697562998,3.028919033,2
0.0985,3.660014062,3.074572495,2
0.099,3.66742392,3.062291311,2
0.0995,3.696942989,3.029485757,2
0.1,3.728349466,3.02527666,2
0.1005,3.727301682,3.015519516,2
0.101,3.732752687,3.035652226,2
0.1015,3.737830892,3.016010839,2
0.102,3.703439727,3.084632623,2
0.1025,3.683081163,3.141481084,2
0.103,3.702936493,3.210763619,2
0.1035,3.697221621,3.240964019,2
0.104,3.707429502,3.256886789,2
0.1045,3.731938402,3.279707132,2
0.105,3.741903167,3.271245719,2
0.1055,3.733456794,3.301806783,2
0.106,3.713348158,3.315806591,2
0.1065,3.713196614,3.272981393,2
0.107,3.693809333,3.246670869,2
0.1075,3.663276598,3.247983214,2
0.108,3.635784928,3.21609198,2
0.1085,3.628914634,3.211080595,2
0.109,3.656411646,3.240118565,2
0.1095,3.653150379,3.245127556,2
0.11,3.614336665,3.25699316,2
0.1105,3.598124555,3.250567277,2
0.111,3.604903624,3.275479224,2
0.1115,3.657709386,3.235263736,2
0.112,3.666524263,3.25031837,2
0.1125,3.653197264,3.228661253,2
0.113,3.597318542,3.239635779,2
0.1135,3.607150111,3.253174,2
0.114,3.632259277,3.303322048,2
0.1145,3.617114121,3.324795827,2
0.115,3.636017009,3.311936611,2
0.1155,3.636791281,3.319493143,2
0.116,3.625853797,3.345683147,2
0.1165,3.629881634,3.348446223,2
0.117,3.645614525,3.341561259,2
0.1175,3.626062086,3.41537309,2
0.118,3.626758896,3.442381253,2
0.1185,3.660244855,3.428778663,2
0.119,3.669565312,3.51437695,2
0.1195,3.700936769,3.588027067,2
0.12,3.704179484,3.647226273,2
0.1205,3.640859873,3.704105017,2
0.121,3.612711782,3.657732911,2
0.1215,3.619061181,3.582238318,2
0.122,3.623323774,3.59349871,2
0.1225,3.59954518,3.592890626,2
0.123,3.603364912,3.623917705,2
0.1235,3.627230188,3.594253897,2
0.124,3.627881452,3.522453292,2
0.1245,3.650084035,3.576400778,2
0.125,3.696885336,3.555291005,2
0.1255,3.696493198,3.520710767,2
0.126,3.717806427,3.530711452,2
0.1265,3.7418196,3.532625231,2
0.127,3.794572164,3.550314668,2
0.1275,3.792229612,3.58986102,2
0.128,3.854535844,3.637444344,2
0.1285,3.864230246,3.629598325,2
0.129,3.846503933,3.622581678,2
0.1295,3.875758156,3.664535824,2
0.13,3.909972279,3.694777309,2
0.1305,3.89665006,3.727467511,2
0.131,3.953010678,3.731491555,2
0.1315,4.004321844,3.717804344,2
0.132,4.014392059,3.685538739,2
0.1325,4.02706074,3.594509268,2
0.133,3.952462823,3.649360355,2
0.1335,3.943354393,3.729809835,2
0.134,3.925897005,3.714584099,2
0.1345,3.958602685,3.74810388,2
0.135,3.995337974,3.805043496,2
0.1355,3.960023092,3.856774878,2
0.136,3.913208328,3.888073632,2
0.1365,3.964927318,3.878524764,2
0.137,3.952685072,3.90873594,2
0.1375,3.950057825,3.849662569,2
0.138,3.88167307,3.780326157,2
0.1385,3.843969456,3.745190395,2
0.139,3.805594974,3.773187209,2
0.1395,3.80917269,3.741609468,2
0.14,3.816664837,3.702193676,2
0.1405,3.844227522,3.644336193,2
0.141,3.824131405,3.584879482,2
0.1415,3.774886949,3.575340584,2
0.142,3.817879957,3.603330058,2
0.1425,3.82410072,3.583296812,2
0.143,3.818864989,3.586912532,2
0.1435,3.884201894,3.594480057,2
0.144,3.948993447,3.58861347,2
0.1445,3.914576336,3.519870569,2
0.145,3.933704257,3.520909731,2
0.1455,3.982692417,3.531209038,2
0.146,4.011809332,3.514179625,2
0.1465,3.948251955,3.546516603,2
0.147,4.000579608,3.579584366,2
0.1475,3.964935134,3.579831588,2
0.148,3.980599927,3.563638901,2
0.1485,3.928514924,3.572452033,2
0.149,3.910676065,3.611465244,2
0.1495,3.920238532,3.58556045,2
0.15,3.980438064,3.508917674,2
0.1505,3.9946893,3.49030123,2
0.151,4.014847874,3.499898918,2
0.1515,4.051434085,3.491102568,2
0.152,4.014521565,3.522737938,2
0.1525,4.020357609,3.589563913,2
0.153,3.967220718,3.580681981,2
0.1535,3.929150802,3.567291965,2
0.154,3.848546245,3.502149228,2
0.1545,3.827377623,3.548743467,2
0.155,3.843412266,3.621481541,2
0.1555,3.837600403,3.690191578,2
0.156,3.809093724,3.653985824,2
0.1565,3.767161178,3.583334951,2
0.157,3.745076883,3.555288881,2
0.1575,3.747783395,3.497960108,2
0.158,3.696115903,3.464705648,2
0.1585,3.724565412,3.441612089,2
0.159,3.732190194,3.491535134,2
0.1595,3.758244755,3.511786315,2
0.16,3.758644818,3.506755582,2
0.1605,3.804282438,3.484085876,2
0.161,3.83462485,3.469869838,2
0.1615,3.8622276,3.465090673,2
0.162,3.83346963,3.510844746,2
0.1625,3.776441576,3.51681806,2
0.163,3.72951581,3.458490283,2
0.1635,3.719682403,3.495932957,2
0.164,3.738834377,3.517331464,2
0.1645,3.733539794,3.573279648,2
0.165,3.792606502,3.577943525,2
0.1655,3.759501133,3.620956165,2
0.166,3.772041747,3.602873297,2
0.1665,3.783939822,3.605854745,2
0.167,3.784312371,3.625488024,2
0.1675,3.775792611,3.568324382,2
0.168,3.772980883,3.533089818,2
0.1685,3.745880604,3.58094582,2
0.169,3.750801117,3.582203654,2
0.1695,3.749394386,3.52986147,2
0.17,3.784205322,3.514918294,2
0.1705,3.825022311,3.557686218,2
0.171,3.85059153,3.603697486,2
0.1715,3.812647973,3.666028056,2
0.172,3.861917763,3.718588708,2
0.1725,3.907148602,3.751946878,2
0.173,3.908789825,3.785010477,2
0.1735,3.97439193,3.765562395,2
0.174,4.006354952,3.752183743,2
0.1745,3.995783475,3.734296893,2
0.175,3.948893108,3.76355452,2
0.1755,3.905509715,3.71837324,2
0.176,3.899958166,3.81091188,2
0.1765,3.915835935,3.786767905,2
0.177,3.908181903,3.616029267,2
0.1775,3.876248604,3.589869821,2
0.178,3.8563941,3.619930023,2
0.1785,3.822889886,3.646620601,2
0.179,3.823370942,3.656082811,2
0.1795,3.824781413,3.735897137,2
0.18,3.796174605,3.722690552,2
0.1805,3.837996437,3.716027991,2
0.181,3.8424546,3.698092928,2
0.1815,3.800038876,3.709343667,2
0.182,3.739905913,3.702821369,2
0.1825,3.715412795,3.71802786,2
0.183,3.666175565,3.698825623,2
0.1835,3.672036856,3.661654311,2
0.184,3.677982478,3.624995309,2
0.1845,3.720853181,3.652285551,2
0.185,3.777958605,3.67964771,2
0.1855,3.819420854,3.662919031,2
0.186,3.874613121,3.662962471,2
0.1865,3.845588754,3.60991985,2
0.187,3.898240745,3.532073844,2
0.1875,3.881706233,3.464992315,2
0.188,3.851269776,3.468130195,2
0.1885,3.819483275,3.578071481,2
0.189,3.811452207,3.610952303,2
0.1895,3.808993758,3.634206711,2
0.19,3.865574367,3.675313569,2
0.1905,3.856253837,3.661910199,2
0.191,3.881006849,3.630976362,2
0.1915,3.9107164,3.594773181,2
0.192,3.949529251,3.634175051,2
0.1925,3.932470364,3.61484395,2
0.193,3.974753821,3.586342342,2
0.1935,4.001600406,3.664285227,2
0.194,3.979235603,3.649858526,2
0.1945,4.000538319,3.700277197,2
0.195,3.946966449,3.664990475,2
0.1955,4.004737417,3.607850581,2
0.196,4.041463496,3.578364972,2
0.1965,4.047800018,3.603144407,2
0.197,4.008877318,3.658137742,2
0.1975,4.01168673,3.658512261,2
0.198,4.06100661,3.719910028,2
0.1985,3.990614248,3.752506438,2
0.199,3.993618386,3.716739658,2
0.1995,3.982567097,3.695318463,2
0.2,4.030662708,3.67500999,2
0.2005,3.996368995,3.707970642,2
0.201,3.9789088,3.695083599,2
0.2015,3.953361821,3.752293533,2
0.202,4.02088319,3.750598277,2
0.2025,3.978793853,3.784380635,2
0.203,3.945261324,3.766833599,2
0.2035,3.973797375,3.801502668,2
0.204,3.978245356,3.817108842,2
0.2045,3.953753128,3.83505045,2
0.205,4.062599708,3.781051946,2
0.2055,4.068087466,3.775363147,2
0.206,4.060159683,3.693838379,2
0.2065,4.023764683,3.746343447,2
0.207,3.981240862,3.728241763,2
0.2075,3.984296733,3.760873112,2
0.208,4.025012356,3.769763346,2
0.2085,4.060917383,3.787734033,2
0.209,4.084599914,3.742519556,2
0.2095,4.102732272,3.719010708,2
0.21,4.072637948,3.707769788,2
0.2105,4.002702308,3.696738789,2
0.211,3.999615419,3.649594844,2
0.2115,4.022972389,3.679208083,2
0.212,4.054006101,3.711011121,2
0.2125,4.131776249,3.712357635,2
0.213,4.128559188,3.654424764,2
0.2135,4.122560179,3.689257701,2
0.214,4.127379232,3.654753299,2
0.2145,4.10405663,3.646065705,2
0.215,4.078388104,3.620508912,2
0.2155,4.058093803,3.610570577,2
0.216,4.065548229,3.633493249,2
0.2165,4.062803679,3.668102097,2
0.217,4.037959414,3.592207895,2
0.2175,4.042096642,3.617292035,2
0.218,4.0822731,3.55944792,2
0.2185,4.056616052,3.497421889,2
0.219,4.036033249,3.481641352,2
0.2195,4.052529217,3.461322349,2
0.22,4.029422271,3.447167929,2
0.2205,3.97547263,3.42146693,2
0.221,4.004446462,3.459024302,2
0.2215,3.974981526,3.540902779,2
0.222,3.941270054,3.536724629,2
0.2225,3.895527945,3.547543922,2
0.223,3.878488624,3.558903839,2
0.2235,3.926652529,3.5368784,2
0.224,3.979521596,3.542052457,2
0.2245,3.990210983,3.494844014,2
0.225,3.995228071,3.488491679,2
0.2255,3.981097916,3.528823958,2
0.226,3.996642149,3.549929892,2
0.2265,3.943447493,3.521757358,2
0.227,3.95299927,3.527418551,2
0.2275,3.961885993,3.546416428,2
0.228,3.94450929,3.65198704,2
0.2285,3.997215056,3.627383653,2
0.229,3.988518206,3.642108385,2
0.2295,4.027782243,3.646460377,2
0.23,4.043984146,3.632482447,2
0.2305,4.00869341,3.622563408,2
0.231,3.933309787,3.636079281,2
0.2315,3.903215197,3.65148474,2
0.232,3.90773886,3.623095851,2
0.2325,3.977930717,3.582414867,2
0.233,4.033664658,3.555718905,2
0.2335,4.045449672,3.55042556,2
0.234,4.014884853,3.497844012,2
0.2345,4.007508356,3.502973525,2
0.235,3.984179291,3.490666192,2
0.2355,3.9759404,3.456897418,2
0.236,3.97669806,3.407058204,2
0.2365,3.975042016,3.363457561,2
0.237,3.945035151,3.312003284,2
0.2375,3.931129766,3.31989867,2
0.238,3.943824152,3.273641246,2
0.2385,3.992881346,3.264769454,2
0.239,4.012714675,3.278939182,2
0.2395,4.040936778,3.271548323,2
0.24,4.094535177,3.281123357,2
0.2405,4.072149009,3.272133112,2
0.241,4.062453289,3.302319881,2
0.2415,4.099719888,3.314727251,2
0.242,4.13340587,3.371871904,2
0.2425,4.12969641,3.393954047,2
0.243,4.132115112,3.383930854,2
0.2435,4.144433697,3.396709759,2
0.244,4.172628037,3.370316016,2
0.2445,4.165871978,3.379087027,2
0.245,4.182641867,3.376790621,2
0.2455,4.1641363,3.363659319,2
0.246,4.159876981,3.349785058,2
0.2465,4.182596773,3.305589635,2
0.247,4.152595414,3.31356312,2
0.2475,4.115977716,3.324212634,2
0.248,4.083940767,3.310532033,2
0.2485,4.093759459,3.283014297,2
0.249,4.124963879,3.291144688,2
0.2495,4.113528399,3.265593332,2
0.25,4.117460387,3.25423503,2
0.2505,4.128131653,3.233726452,2
0.251,4.185607788,3.242126744,2
0.2515,4.164747442,3.238317818,2
0.252,4.200162577,3.26068631,2
0.2525,4.235276632,3.277667699,2
0.253,4.20330817,3.212861606,2
0.2535,4.208602938,3.17629825,2
0.254,4.30842454,3.148591479,2
0.2545,4.325394023,3.148587374,2
0.255,4.308164298,3.122339327,2
0.2555,4.360397829,3.121458843,2
0.256,4.338363227,3.108620548,2
0.2565,4.321798495,3.052646718,2
0.257,4.344854617,3.04698138,2
0.2575,4.379648406,3.116624558,2
0.258,4.403944908,3.106486649,2
0.2585,4.418962392,3.105833306,2
0.259,4.411320327,3.086451584,2
0.2595,4.344277113,3.093330807,2
0.26,4.349148469,3.107947752,2
0.2605,4.277516576,3.139865493,2
0.261,4.27765529,3.14577402,2
0.2615,4.302416434,3.175893099,2
0.262,4.303700508,3.203372547,2
0.2625,4.351858997,3.199912229,2
0.263,4.340670669,3.177410401,2
0.2635,4.361114208,3.152767514,2
0.264,4.345100161,3.101175933,2
0.2645,4.330592917,3.004879144,2
0.265,4.270997845,3.031106424,2
0.2655,4.26333519,3.037614928,2
0.266,4.289794043,3.128217146,2
0.2665,4.18606595,3.113681624,2
0.267,4.17948398,3.128550897,2
0.2675,4.167977123,3.090543591,2
0.268,4.183809538,3.080812217,2
0.2685,4.16863502,3.06790987,2
0.269,4.227085954,3.019139956,2
0.2695,4.303391339,3.011574214,2
0.27,4.348835437,3.008322996,2
0.2705,4.345445432,2.960415596,2
0.271,4.339730419,2.970268282,2
0.2715,4.3642473,2.9491243,2
0.272,4.289946561,2.961283299,2
0.2725,4.280352624,2.958378702,2
0.273,4.27690853,2.922160498,2
0.2735,4.291376676,2.956114784,2
0.274,4.283491293,2.963635599,2
0.2745,4.283749482,2.963750443,2
0.275,4.303839465,2.96239744,2
0.2755,4.303868718,2.937560182,2
0.276,4.289516824,2.969924211,2
0.2765,4.254984621,2.998206495,2
0.277,4.257035114,2.938885291,2
0.2775,4.245076503,2.937935627,2
0.278,4.213794044,2.955310838,2
0.2785,4.18584325,2.953323308,2
0.279,4.200322556,2.885762378,2
0.2795,4.211549573,2.853982613,2
0.28,4.21950195,2.89032041,2
0.2805,4.221158599,2.932022719,2
0.281,4.249579369,2.980916859,2
0.2815,4.24692693,3.024893909,2
0.282,4.195653757,3.036148262,2
0.2825,4.148807778,2.961453512,2
0.283,4.12508013,2.890855733,2
0.2835,4.149859062,2.958053182,2
0.284,4.183866362,2.909433828,2
0.2845,4.212053817,2.863149927,2
0.285,4.209881632,2.912995726,2
0.2855,4.216518203,2.970435086,2
0.286,4.209508519,3.018588742,2
0.2865,4.190045983,3.000848909,2
0.287,4.164486789,3.025174751,2
0.2875,4.202213693,3.050749926,2
0.288,4.231790329,3.081778149,2
0.2885,4.203172825,3.151016864,2
0.289,4.193874917,3.098446972,2
0.2895,4.16695012,3.090583015,2
0.29,4.160946146,3.121367864,2
0.2905,4.196043092,3.189065884,2
0.291,4.188616455,3.194019205,2
0.2915,4.146581957,3.117578046,2
0.292,4.11937003,3.12402079,2
0.2925,4.088562716,3.08198685,2
0.293,4.084988396,3.010823592,2
0.2935,4.075325108,3.04871927,2
0.294,4.075823588,3.1236697,2
0.2945,4.05450307,3.130672411,2
0.295,4.092283912,3.143837246,2
0.2955,4.127711302,3.121983774,2
0.296,4.132647389,3.127275653,2
0.2965,4.172683813,3.107061187,2
0.297,4.16820758,3.104940651,2
0.2975,4.177486996,3.167423182,2
0.298,4.206027208,3.220249327,2
0.2985,4.162948205,3.188316818,2
0.299,4.155779588,3.150105001,2
0.2995,4.191823007,3.158211998,2
0.3,4.204625556,3.214038502,2
0.3005,4.193594593,3.215307726,2
0.301,4.214011503,3.203582578,2
0.3015,4.228345726,3.214480415,2
0.302,4.235270386,3.194228056,2
0.3025,4.259437308,3.15131118,2
0.303,4.276095003,3.106167469,2
0.3035,4.305857971,3.145186507,2
0.304,4.310469815,3.029525644,2
0.3045,4.377802789,3.016614049,2
0.305,4.440301661,3.009282884,2
0.3055,4.392386319,3.000252147,2
0.306,4.371730542,3.013662088,2
0.3065,4.306365585,3.026542615,2
0.307,4.307953596,3.029997444,2
0.3075,4.322681167,3.07889982,2
0.308,4.32444109,3.066268403,2
0.3085,4.37088994,3.026895113,2
0.309,4.40210789,3.08301596,2
0.3095,4.399257026,3.055680945,2
0.31,4.415884274,3.046487407,2
0.3105,4.383716877,2.969213724,2
0.311,4.415355123,2.953487799,2
0.3115,4.416743528,2.941763649,2
0.312,4.422000207,2.993238466,2
0.3125,4.408541467,3.049161077,2
0.313,4.406985922,3.049395891,2
0.3135,4.398327243,3.04301778,2
0.314,4.404951538,3.053090251,2
0.3145,4.405406406,3.048210763,2
0.315,4.434238462,3.135525086,2
0.3155,4.413971586,3.118756242,2
0.316,4.415986573,3.126262919,2
0.3165,4.428183408,3.138648091,2
0.317,4.41225833,3.118656493,2
0.3175,4.41993027,3.138289304,2
0.318,4.486165749,3.145514273,2
0.3185,4.480697305,3.056040362,2
0.319,4.525564386,3.078434094,2
0.3195,4.516540885,3.118797389,2
0.32,4.546188859,3.10973121,2
0.3205,4.539191837,3.139909193,2
0.321,4.516186067,3.091398851,2
0.3215,4.469114086,3.085427972,2
0.322,4.472647661,3.077516355,2
0.3225,4.461115113,3.07073175,2
0.323,4.442358855,3.086663883,2
0.3235,4.41617634,3.082813539,2
0.324,4.465024026,3.118412223,2
0.3245,4.533302329,3.112921526,2
0.325,4.582459517,3.086471673,2
0.3255,4.618444872,3.041956147,2
0.326,4.631836836,3.080358836,2
0.3265,4.611620204,3.11005159,2
0.327,4.54582528,3.184624523,2
0.3275,4.517065397,3.176202753,2
0.328,4.536309404,3.179247715,2
0.3285,4.519885059,3.166565436,2
0.329,4.556426688,3.176406155,2
0.3295,4.54385295,3.122268111,2
0.33,4.594517953,3.072274899,2
0.3305,4.63227241,3.034778747,2
0.331,4.631033566,3.025045023,2
0.3315,4.665438058,3.020898253,2
0.332,4.66040468,3.04223659,2
0.3325,4.64301703,3.112063636,2
0.333,4.64073933,3.08686503,2
0.3335,4.610002474,3.0918804,2
0.334,4.571826758,3.02286929,2
0.3345,4.566524232,3.053222633,2
0.335,4.608010893,3.031706806,2
0.3355,4.642978062,3.076533135,2
0.336,4.620014085,3.107251739,2
0.3365,4.654928986,3.084237226,2
0.337,4.697509171,3.059974281,2
0.3375,4.719827971,3.084900197,2
0.338,4.749816538,3.063465148,2
0.3385,4.734374221,3.095362093,2
0.339,4.697408981,3.066389837,2
0.3395,4.644439365,3.045175237,2
0.34,4.645197035,2.966003357,2
0.3405,4.612827066,2.895789796,2
0.341,4.607041406,2.902751455,2
0.3415,4.633660005,2.997504309,2
0.342,4.628793449,3.042639507,2
0.3425,4.609990809,3.001312118,2
0.343,4.572595173,3.017149899,2
0.3435,4.486395382,3.009416281,2
0.344,4.492298498,2.989038478,2
0.3445,4.506682471,2.959291892,2
0.345,4.532267796,3.027357056,2
0.3455,4.550223643,3.079643716,2
0.346,4.602349617,3.07202492,2
0.3465,4.668417482,3.02192505,2
0.347,4.765936369,2.981420191,2
0.3475,4.772312867,2.964225379,2
0.348,4.808479799,2.90334152,2
0.3485,4.741200586,2.86761145,2
0.349,4.72939675,2.898659003,2
0.3495,4.690787841,2.88318714,2
0.35,4.695811201,2.859832216,2
0.3505,4.680929133,2.853836004,2
0.351,4.631824163,2.831722843,2
0.3515,4.592000183,2.880868343,2
0.352,4.492397613,2.891404362,2
0.3525,4.464025896,2.940161834,2
0.353,4.465356847,2.942709406,2
0.3535,4.443386255,2.969437881,2
0.354,4.51141689,2.957734385,2
0.3545,4.544673374,2.927692697,2
0.355,4.591467284,2.860628874,2
0.3555,4.548739932,2.890603867,2
0.356,4.546033307,2.908103503,2
0.3565,4.537371434,2.863915662,2
0.357,4.589773715,2.888361186,2
0.3575,4.614742694,2.891941981,2
0.358,4.58850686,2.893762139,2
0.3585,4.607238353,2.865823598,2
0.359,4.619952952,2.86100367,2
0.3595,4.606893841,2.90195892,2
0.36,4.584609883,2.89695928,2
0.3605,4.64789617,2.906478393,2
0.361,4.651637795,2.890006688,2
0.3615,4.668197982,2.826244296,2
0.362,4.718150967,2.827539033,2
0.3625,4.762803158,2.902571958,2
0.363,4.78552305,2.959366305,2
0.3635,4.80874898,3.018780623,2
0.364,4.832992034,3.054447513,2
0.3645,4.760392635,3.053354403,2
0.365,4.797610535,3.087801904,2
0.3655,4.787633535,3.079631129,2
0.366,4.799461102,3.113510942,2
0.3665,4.800563417,3.158071328,2
0.367,4.825966331,3.110402969,2
0.3675,4.839688371,3.108302323,2
0.368,4.936058021,3.105385247,2
0.3685,5.012595083,3.091783054,2
0.369,5.021814389,3.096789472,2
0.3695,5.037626909,3.114849345,2
0.37,5.031437657,3.143004678,2
0.3705,5.03501591,3.10435537,2
0.371,5.066409047,3.140360399,2
0.3715,5.089585051,3.086683011,2
0.372,5.062913214,3.098765274,2
0.3725,5.094589858,3.139326164,2
0.373,5.157294888,3.187274724,2
0.3735,5.263247163,3.169099663,2
0.374,5.272938392,3.156708036,2
0.3745,5.23294809,3.08917184,2
0.375,5.23251068,3.04229046,2
0.3755,5.225162753,3.035110694,2
0.376,5.274449173,3.039637922,2
0.3765,5.246240031,2.997050827,2
0.377,5.27291644,3.049488618,2
0.3775,5.245096976,3.064802439,2
0.378,5.276296124,3.089362828,2
0.3785,5.275300467,3.121123296,2
0.379,5.268808421,3.14344329,2
0.3795,5.222918441,3.067680422,2
0.38,5.227341216,3.055861119,2
0.3805,5.27796613,3.03938189,2
0.381,5.330629595,3.010381098,2
0.3815,5.34549852,2.936813675,2
0.382,5.370660622,2.934719405,2
0.3825,5.363395567,2.942610498,2
0.383,5.27223539,2.960430958,2
0.3835,5.231237497,2.931057515,2
0.384,5.258425631,2.823181749,2
0.3845,5.201479212,2.849757476,2
0.385,5.196846144,2.878476149,2
0.3855,5.16711669,3.001706969,2
0.386,5.206117746,2.990410598,2
0.3865,5.222176801,3.031171977,2
0.387,5.267288454,3.018920489,2
0.3875,5.278113061,3.066133907,2
0.388,5.297811479,3.055479477,2
0.3885,5.266846243,3.054889138,2
0.389,5.278089212,3.070728632,2
0.3895,5.259011184,3.147148898,2
0.39,5.253467546,3.243922982,2
0.3905,5.302543546,3.298319937,2
0.391,5.27334132,3.312234861,2
0.3915,5.22176321,3.331591865,2
0.392,5.18531114,3.315355562,2
0.3925,5.184684602,3.317708884,2
0.393,5.148713324,3.302200726,2
0.3935,5.121653596,3.305431599,2
0.394,5.159666216,3.273190407,2
0.3945,5.125539785,3.277407357,2
0.395,5.114785561,3.283896303,2
0.3955,5.124958303,3.293705348,2
0.396,5.161044893,3.261137646,2
0.3965,5.188987361,3.214941975,2
0.397,5.227178401,3.211331559,2
0.3975,5.221090884,3.182697444,2
0.398,5.269079037,3.180035295,2
0.3985,5.305782222,3.167288263,2
0.399,5.26980092,3.208814621,2
0.3995,5.309831061,3.21153051,2
0.4,5.302484819,3.205394828,2
0.4005,5.315678935,3.26890238,2
0.401,5.30066744,3.294654472,2
0.4015,5.351140973,3.265916675,2
0.402,5.38883309,3.234209936,2
0.4025,5.358947183,3.270832341,2
0.403,5.395866947,3.2975609,2
0.4035,5.378998686,3.255905934,2
0.404,5.464101928,3.214581622,2
0.4045,5.46950207,3.221004039,2
0.405,5.464545746,3.260652603,2
0.4055,5.478587211,3.28297135,2
0.406,5.496658434,3.258302398,2
0.4065,5.439745671,3.22839319,2
0.407,5.405309301,3.187406423,2
0.4075,5.398257294,3.152434919,2
0.408,5.359510676,3.115565179,2
0.4085,5.329056352,3.087325331,2
0.409,5.353778641,3.115176834,2
0.4095,5.353624812,3.109918599,2
0.41,5.377538785,3.134195434,2
0.4105,5.383812016,3.112753129,2
0.411,5.395269791,3.116264367,2
0.4115,5.452038103,3.139018455,2
0.412,5.456639014,3.160085489,2
0.4125,5.509913335,3.183117651,2
0.413,5.532997571,3.250948991,2
0.4135,5.527337951,3.325634519,2
0.414,5.527496514,3.337398579,2
0.4145,5.52505739,3.359270088,2
0.415,5.539959224,3.340445878,2
0.4155,5.551893124,3.382982367,2
0.416,5.564369541,3.443346544,2
0.4165,5.552519637,3.489316924,2
0.417,5.6227792,3.499656497,2
0.4175,5.689527642,3.519640203,2
0.418,5.679573662,3.508222716,2
0.4185,5.685676803,3.489070104,2
0.419,5.680109432,3.478329709,2
0.4195,5.715558085,3.460710393,2
0.42,5.719527523,3.519569497,2
0.4205,5.709758998,3.526372552,2
0.421,5.707706731,3.581977554,2
0.4215,5.729870359,3.585194809,2
0.422,5.698671168,3.578382583,2
0.4225,5.669974578,3.522998407,2
0.423,5.680641952,3.470520604,2
0.4235,5.625930552,3.427703738,2
0.424,5.594159026,3.443397057,2
0.4245,5.615812197,3.433717882,2
0.425,5.621767968,3.459528716,2
0.4255,5.591390364,3.518771257,2
0.426,5.575780744,3.503780024,2
0.4265,5.645961431,3.409650374,2
0.427,5.69489132,3.395973874,2
0.4275,5.683393013,3.391571964,2
0.428,5.619201429,3.378419647,2
0.4285,5.625363109,3.428860649,2
0.429,5.603676924,3.370519811,2
0.4295,5.591629613,3.430748562,2
0.43,5.579431358,3.436057863,2
0.4305,5.577506813,3.410834493,2
0.431,5.518257242,3.4099633,2
0.4315,5.537378002,3.336620024,2
0.432,5.584760137,3.346092319,2
0.4325,5.586167198,3.378412876,2
0.433,5.583043992,3.395232743,2
0.4335,5.599213808,3.355463173,2
0.434,5.608913763,3.377549729,2
0.4345,5.56829086,3.429366866,2
0.435,5.567584349,3.467895504,2
0.4355,5.560169981,3.463757402,2
0.436,5.561177133,3.399804546,2
0.4365,5.532133875,3.392856888,2
0.437,5.553068475,3.368663427,2
0.4375,5.524122451,3.291108428,2
0.438,5.452454117,3.213593348,2
0.4385,5.464708748,3.154540272,2
0.439,5.478640562,3.160288678,2
0.4395,5.464948051,3.090823162,2
0.44,5.495957587,3.131027019,2
0.4405,5.474491058,3.154964341,2
0.441,5.428807976,3.162277579,2
0.4415,5.384953561,3.185669062,2
0.442,5.3675411,3.206231891,2
0.4425,5.393169267,3.218659046,2
0.443,5.331127139,3.249346686,2
0.4435,5.341341781,3.216243264,2
0.444,5.290616055,3.218746086,2
0.4445,5.340410804,3.220341255,2
0.445,5.362121192,3.252726953,2
0.4455,5.438601798,3.279896253,2
0.446,5.438674077,3.308653699,2
0.4465,5.519166074,3.23201772,2
0.447,5.525046862,3.267263599,2
0.4475,5.493511374,3.260833621,2
0.448,5.468579613,3.179542964,2
0.4485,5.443113122,3.152596467,2
0.449,5.440862394,3.118479548,2
0.4495,5.416977592,3.078051759,2
0.45,5.414770267,3.069379796,2
0.4505,5.413026219,3.067996614,2
0.451,5.403602819,3.079142777,2
0.4515,5.398417877,3.152468556,2
0.452,5.404020286,3.201647537,2
0.4525,5.428894814,3.15454575,2
0.453,5.433937622,3.245324888,2
0.4535,5.428914613,3.26037984,2
0.454,5.390315996,3.22595179,2
0.4545,5.266326172,3.265924858,2
0.455,5.24171819,3.281168663,2
0.4555,5.226311926,3.301891683,2
0.456,5.222031493,3.365452548,2
0.4565,5.247653837,3.334532543,2
0.457,5.254991837,3.322569839,2
0.4575,5.242991221,3.297186474,2
0.458,5.238969488,3.251615462,2
0.4585,5.24426906,3.252351852,2
0.459,5.233751819,3.252567872,2
0.4595,5.242490274,3.282095871,2
0.46,5.206054783,3.287442627,2
0.4605,5.235843659,3.276123086,2
0.461,5.250851724,3.31475473,2
0.4615,5.21749221,3.28537316,2
0.462,5.218915389,3.251202631,2
0.4625,5.236759982,3.23030612,2
0.463,5.240900899,3.275233799,2
0.4635,5.224517739,3.27232559,2
0.464,5.222357691,3.285473016,2
0.4645,5.155139253,3.274485354,2
0.465,5.107923788,3.264952435,2
0.4655,5.11658784,3.269802749,2
0.466,5.123675566,3.283658449,2
0.4665,5.090744909,3.266448072,2
0.467,5.075852334,3.299018846,2
0.4675,5.085215153,3.32214674,2
0.468,5.081863041,3.41009162,2
0.4685,5.052193296,3.410168022,2
0.469,5.051778106,3.402016811,2
0.4695,5.038680761,3.426323311,2
0.47,5.071557149,3.447867444,2
0.4705,5.078813825,3.455501259,2
0.471,5.070649903,3.476707879,2
0.4715,5.115172428,3.47803831,2
0.472,5.106772953,3.465857703,2
0.4725,5.09343047,3.454417671,2
0.473,5.098153555,3.473251168,2
0.4735,5.062007518,3.432445166,2
0.474,5.067102004,3.448745591,2
0.4745,5.076534665,3.448552747,2
0.475,5.039411237,3.408473394,2
0.4755,5.047313824,3.369927836,2
0.476,4.988151414,3.363611954,2
0.4765,4.892368468,3.376064044,2
0.477,4.855053698,3.37156514,2
0.4775,4.815079803,3.335136839,2
0.478,4.84095163,3.289063218,2
0.4785,4.806510739,3.214124355,2
0.479,4.777791397,3.186064089,2
0.4795,4.750094466,3.186596621,2
0.48,4.716986214,3.143394442,2
0.4805,4.740054788,3.110072657,2
0.481,4.755197823,3.15372041,2
0.4815,4.69382712,3.203467337,2
0.482,4.681978548,3.183083264,2
0.4825,4.62259413,3.204414331,2
0.483,4.590119787,3.221743195,2
0.4835,4.608651558,3.181180149,2
0.484,4.581873563,3.188493626,2
0.4845,4.585037119,3.186145863,2
0.485,4.621083074,3.103381761,2
0.4855,4.558447052,3.091695593,2
0.486,4.574668483,3.046912156,2
0.4865,4.592993638,3.068489298,2
0.487,4.539570746,3.106905241,2
0.4875,4.539415725,3.140834197,2
0.488,4.507444111,3.123402963,2
0.4885,4.501143091,3.178221856,2
0.489,4.511437518,3.175580871,2
0.4895,4.472815505,3.24690682,2
0.49,4.470413112,3.238214818,2
0.4905,4.464894205,3.222767372,2
0.491,4.511496166,3.212120409,2
0.4915,4.542983765,3.208215146,2
0.492,4.610196109,3.189590202,2
0.4925,4.595278618,3.145009151,2
0.493,4.597864557,3.137481584,2
0.4935,4.589324523,3.184627641,2
0.494,4.62441366,3.189389403,2
0.4945,4.633323997,3.169866478,2
0.495,4.54116921,3.113769981,2
0.4955,4.555465823,3.116128511,2
0.496,4.530862961,3.156627096,2
0.4965,4.541173595,3.165900727,2
0.497,4.548423143,3.210601412,2
0.4975,4.558803506,3.167260829,2
0.498,4.585937627,3.106261614,2
0.4985,4.584914208,3.066059729,2
0.499,4.567388662,2.990193881,2
0.4995,4.558079317,3.008174897,2
0.5,4.55283979,3.027214504,2
