X,Y,TrackID,t
2.4062274186572994,3.055332340034913,1,0.0
2.3851412585146696,3.0032938902902013,1,0.01
2.2011322225017316,3.0718945779393034,1,0.02
2.242668080194546,3.037861053625869,1,0.03
2.1809300243935965,3.0074696350668186,1,0.04
2.2248225360021516,2.9515605998344716,1,0.05
2.3056207743390673,2.744396968126548,1,0.06
2.3056207743390673,2.744396968126548,1,0.07
2.3041756516326233,2.7152077571331144,1,0.08
2.282584216559196,2.6532610803376757,1,0.09
2.282584216559196,2.6532610803376757,1,0.1
2.321543195678796,2.7151720393420447,1,0.11
2.3961002393604263,2.750701990470876,1,0.12
2.361036817723636,2.8052321780307574,1,0.13
2.2595891688273624,2.850489877089798,1,0.14
2.2595891688273624,2.850489877089798,1,0.15
2.1166571523437003,2.9047902178726335,1,0.16
2.128990448931028,2.807695609412039,1,0.17
2.1149812715561436,2.8351673772458916,1,0.18
2.1149812715561436,2.8351673772458916,1,0.19
2.124763117037742,2.8001135529500365,1,0.2
2.1904534269453513,2.8326993042597364,1,0.21
2.2412286177831717,2.7826832498854586,1,0.22
2.2847323547391505,2.7806699474005896,1,0.23
2.31069158282723,2.875115608919894,1,0.24
2.2587559561363313,2.8496882859322534,1,0.25
2.2587559561363313,2.8496882859322534,1,0.26
2.243225723143919,2.8794765642493965,1,0.27
2.3018641246683265,2.9861338679058793,1,0.28
2.3018641246683265,2.9861338679058793,1,0.29
2.3232165239903213,2.9489823006564735,1,0.3
2.3406876443688183,2.9160393108220783,1,0.31
2.1985830171175174,2.8208573884316954,1,0.32
2.117192201133458,2.877434133737238,1,0.33
2.09836539696205,2.867515086175858,1,0.34
2.117856865973076,2.8387034698525127,1,0.35000000000000003
2.144516543669193,2.7975690917409457,1,0.36
2.1330417103229387,2.774837284479736,1,0.37
2.1330417103229387,2.774837284479736,1,0.38
2.2278722597090996,2.7167617329375413,1,0.39
2.2278722597090996,2.7167617329375413,1,0.4
2.118211852145164,2.6376819342817672,1,0.41000000000000003
2.055711613618139,2.6657728282610287,1,0.42
2.0231412734183496,2.6390018908188746,1,0.43
1.976973148212296,2.6174960669484575,1,0.44
2.0048663693999305,2.597331927704772,1,0.45
1.9577699746980415,2.631421342102439,1,0.46
1.9680072652662886,2.5775804188630733,1,0.47000000000000003
1.9495886340651762,2.6481696953867573,1,0.48
2.004398732248799,2.595724173625154,1,0.49
2.046517453987332,2.562107926424959,1,0.5
2.004398732248799,2.595724173625154,1,0.51
2.004398732248799,2.595724173625154,1,0.52
1.9557319708168799,2.602191544237602,1,0.53
1.9700482454648216,2.5709987261335896,1,0.54
1.9714111028959904,2.5809561066705395,1,0.55
1.9584115762860772,2.6256803148395456,1,0.56
1.9584115762860772,2.6256803148395456,1,0.5700000000000001
1.970878735139245,2.573129635504781,1,0.58
1.975346896296457,2.6022385091234135,1,0.59
1.967547330425465,2.5840343725982393,1,0.6
1.9940094034191653,2.6275163302758324,1,0.61
1.9926085929037278,2.6036269112026074,1,0.62
2.0014326875458903,2.598701342795478,1,0.63
1.9830404822350545,2.6371158967829325,1,0.64
2.0020528898176995,2.5778856519382196,1,0.65
2.0020528898176995,2.5778856519382196,1,0.66
1.9888011945977648,2.6222516662457145,1,0.67
2.0135393031647917,2.632649635506147,1,0.68
2.0454395053217858,2.614542091892634,1,0.6900000000000001
2.0595936339174883,2.648560712650837,1,0.7000000000000001
2.0222317833511725,2.627610827314533,1,0.71
2.0476893109893415,2.6587508574989203,1,0.72
2.0476893109893415,2.6587508574989203,1,0.73
2.0551523073575275,2.5789230825169938,1,0.74
2.0620054098313996,2.523361225140813,1,0.75
2.0347821702625133,2.4469876434537245,1,0.76
2.007414330378389,2.468161569740938,1,0.77
2.007414330378389,2.468161569740938,1,0.78
2.0316043549367495,2.4379799884378173,1,0.79
2.0316043549367495,2.4379799884378173,1,0.8
1.9895766973676352,2.4770572234702635,1,0.81
1.9506471828143146,2.4751573827305053,1,0.8200000000000001
1.9711634847077733,2.416098627196212,1,0.8300000000000001
1.893325927710455,2.456936696697658,1,0.84
1.8991996840214145,2.3930162027164403,1,0.85
1.8991996840214145,2.3930162027164403,1,0.86
1.8991996840214145,2.3930162027164403,1,0.87
1.8991996840214145,2.3930162027164403,1,0.88
1.8528083656548011,2.3500024023342845,1,0.89
1.8528083656548011,2.3500024023342845,1,0.9
1.8805336962613142,2.340100458295057,1,0.91
1.8833385159043394,2.304517290526351,1,0.92
1.8532616546747849,2.3331924477055788,1,0.93
1.8853788132399179,2.3328430573548125,1,0.9400000000000001
1.8853788132399179,2.3328430573548125,1,0.9500000000000001
1.8736187333943795,2.3909641793936407,1,0.96
1.8736187333943795,2.3909641793936407,1,0.97
1.8929099906946776,2.3605667273628246,1,0.98
1.8929099906946776,2.3605667273628246,1,0.99
1.9214676990202408,2.3474836317376004,1,1.0
1.933794951482892,2.3192717105401353,1,1.01
1.941638613448259,2.3288642742154484,1,1.02
1.867934954247782,2.3964444795672137,1,1.03
1.8487345924190133,2.369220619765022,1,1.04
1.8937906786035015,2.3484330735319014,1,1.05
1.917529664669584,2.358873826504998,1,1.06
1.9500330476086634,2.3201644480675836,1,1.07
1.9423300666206573,2.328324383432849,1,1.08
1.950042611160257,2.3232167372525256,1,1.09
1.9336510879730555,2.3238538017572927,1,1.1
1.8919812261969158,2.3262610909355064,1,1.11
1.9336510879730555,2.3238538017572927,1,1.12
1.9105433358695172,2.317818785506878,1,1.1300000000000001
1.9105433358695172,2.317818785506878,1,1.1400000000000001
1.8664855104462885,2.3325424116634195,1,1.1500000000000001
1.8664855104462885,2.3325424116634195,1,1.16
1.8997027192573614,2.343853375471604,1,1.17
1.8960835068158757,2.313864003702574,1,1.18
1.8960835068158757,2.313864003702574,1,1.19
1.9343945612419011,2.3265452442261543,1,1.2
1.929613667124855,2.356599412794724,1,1.21
1.9329768121542399,2.340385240773683,1,1.22
1.9148556640459629,2.3596569697362058,1,1.23
1.9762619482101502,2.3919701762596937,1,1.24
1.7613481087721352,2.4305170036224713,1,1.25
1.8423456049651352,2.377369027592173,1,1.26
1.8229482220519384,2.4089182269640896,1,1.27
1.8426531092618752,2.389823119513865,1,1.28
1.8426531092618752,2.389823119513865,1,1.29
1.8426531092618752,2.389823119513865,1,1.3
1.790618366497601,2.447553721097001,1,1.31
1.704319430949968,2.3746982923073996,1,1.32
1.6037397492469614,2.381327524602507,1,1.33
1.6219215388775112,2.4406157382399396,1,1.34
1.665035556588208,2.3966154664993575,1,1.35
1.6883341133322405,2.240711069619476,1,1.36
1.6093043565435543,2.2687662132026722,1,1.37
1.6093043565435543,2.2687662132026722,1,1.3800000000000001
1.6920254153726326,2.1715943655998906,1,1.3900000000000001
1.6920254153726326,2.1715943655998906,1,1.4000000000000001
1.6528272685871204,2.1961238891362327,1,1.41
1.7096411968347673,2.166870627313387,1,1.42
1.730012327664078,2.0947857590694374,1,1.43
1.7043684861270567,2.093089424222496,1,1.44
1.730012327664078,2.0947857590694374,1,1.45
1.7457913286756426,2.0610260687405217,1,1.46
1.7457913286756426,2.0610260687405217,1,1.47
1.7052451708040846,2.0742280413145058,1,1.48
1.5778534904900563,2.1889957016396133,1,1.49
1.5194542660007777,2.213935349099011,1,1.5
1.5778534904900563,2.1889957016396133,1,1.51
1.6176029763681528,2.250580625827015,1,1.52
1.6631771288681372,2.286612840813817,1,1.53
1.66236263661545,2.264394759383953,1,1.54
1.5836847134550227,2.424039855511071,1,1.55
1.6760170271988297,2.3911811655346105,1,1.56
1.6229009983107137,2.363165086641734,1,1.57
1.6229009983107137,2.363165086641734,1,1.58
1.6005481027653763,2.3823829858162893,1,1.59
1.5751828835265205,2.3139904096038997,1,1.6
1.6161669404609982,2.4149577291290396,1,1.61
1.674325080879273,2.4425120202247745,1,1.62
1.674325080879273,2.4425120202247745,1,1.6300000000000001
1.6073036843517354,2.484697922479001,1,1.6400000000000001
1.6191361963079316,2.4896565889482862,1,1.6500000000000001
1.6202157021977448,2.51898267627746,1,1.6600000000000001
1.6576291844725453,2.524615104473956,1,1.67
1.674762984414585,2.5911716166149446,1,1.68
1.674844350649067,2.588553583435709,1,1.69
1.6924670425077146,2.614422856162423,1,1.7
1.8045867720976996,2.47226233206919,1,1.71
1.8311899967580394,2.407334464950595,1,1.72
1.9065817787284771,2.3360794212234914,1,1.73
1.9065817787284771,2.3360794212234914,1,1.74
1.9182221408420062,2.3993383688071743,1,1.75
1.9789844737231952,2.377060455131606,1,1.76
1.9913522031581217,2.3632855793045446,1,1.77
2.00469711289216,2.327160157162176,1,1.78
2.007776943199525,2.326644185314418,1,1.79
2.027930530218668,2.318080548415566,1,1.8
2.040801504403013,2.3167785108994132,1,1.81
2.0375373654264495,2.3162818246655283,1,1.82
1.9888884976459082,2.3123858016250884,1,1.83
1.9888884976459082,2.3123858016250884,1,1.84
1.9793043011236497,2.2670503910186186,1,1.85
1.9654398825413189,2.2306681733289615,1,1.86
1.9369707825730063,2.237249995130783,1,1.87
1.9654398825413189,2.2306681733289615,1,1.8800000000000001
1.8615917786802,2.175154076235979,1,1.8900000000000001
1.8615917786802,2.175154076235979,1,1.9000000000000001
1.8615917786802,2.175154076235979,1,1.9100000000000001
1.8996174405212218,2.128112838279254,1,1.92
1.948948430891276,2.0762674222362416,1,1.93
1.9537619520972997,2.0964605476007754,1,1.94
1.9363064035751127,2.051007126027959,1,1.95
1.8777525527262755,1.9200462164437975,1,1.96
1.8777525527262755,1.9200462164437975,1,1.97
1.87726636993172,1.9282703611301022,1,1.98
1.871922863026265,1.9270411191794434,1,1.99
1.8772084794451358,1.9825313537488882,1,2.0
1.880047558140026,1.9579549679980446,1,2.0100000000000002
1.8713957471570213,1.9821595650001436,1,2.02
1.8800936043589376,1.8190919061686175,1,2.0300000000000002
1.8800936043589376,1.8190919061686175,1,2.04
1.8650985048834805,1.8106137926216543,1,2.05
1.8800936043589376,1.8190919061686175,1,2.06
1.8610541536953662,1.826995438254253,1,2.07
1.8610541536953662,1.826995438254253,1,2.08
1.8617253284480761,1.8444918971280908,1,2.09
1.8681308720614167,1.8191795553159387,1,2.1
1.9328295233755752,1.7509497625706905,1,2.11
1.9328295233755752,1.7509497625706905,1,2.12
1.923304995751738,1.7870190540756223,1,2.13
1.9123242689175133,1.6967192461379177,1,2.14
1.9270448105844147,1.704639842510825,1,2.15
1.9251872264496186,1.7434689396874903,1,2.16
1.9282052230395135,1.7518452851860093,1,2.17
1.9282052230395135,1.7518452851860093,1,2.18
1.9608175052768453,1.7025943138732371,1,2.19
1.9359812545570405,1.6546045482437564,1,2.2
1.9707184810396547,1.663943800178222,1,2.21
1.8944689982538816,1.7476221074236566,1,2.22
1.8944689982538816,1.7476221074236566,1,2.23
1.9457794112471083,1.7404871312208838,1,2.24
1.8939053724402448,1.7886455492683977,1,2.25
1.926170825878829,1.7921217408522851,1,2.2600000000000002
1.9784413447128568,1.7793305533353656,1,2.27
2.022270983248809,1.7050973853333717,1,2.2800000000000002
1.9872782119582066,1.7351863085689723,1,2.29
2.056518986836783,1.6473332051488623,1,2.3000000000000003
2.023037505192338,1.5910542910611527,1,2.31
1.9993351214988786,1.5522195720695815,1,2.32
1.9375756941836544,1.5798493610833384,1,2.33
1.9164114277185615,1.4485247424771153,1,2.34
1.8626822403600418,1.4977142914934152,1,2.35
1.9035346359433356,1.4767041506338967,1,2.36
1.8791420594979538,1.29860743196711,1,2.37
1.8791420594979538,1.29860743196711,1,2.38
1.8791420594979538,1.29860743196711,1,2.39
1.8791420594979538,1.29860743196711,1,2.4
1.8804412084251625,1.2127820658163895,1,2.41
1.8855951707658096,1.1731380063315389,1,2.42
1.8855951707658096,1.1731380063315389,1,2.43
1.948783022916194,1.090146679500983,1,2.44
1.9487719329630484,1.1800306117226946,1,2.45
2.0113098714525233,1.1992105006908353,1,2.46
2.0113098714525233,1.1992105006908353,1,2.47
1.9589820047541973,1.2595604475731896,1,2.48
2.0049527893957624,1.2018545815580215,1,2.49
2.0339778808043736,1.2238976909494061,1,2.5
2.0595103838519253,1.2648889244812052,1,2.5100000000000002
2.1722382618996248,1.3315247614206955,1,2.52
2.104332670693071,1.2979080685909523,1,2.5300000000000002
2.104332670693071,1.2979080685909523,1,2.54
2.0904005463179622,1.2655581615719103,1,2.5500000000000003
2.1944526648262266,1.1936550194743818,1,2.56
2.1791405761786455,1.2180623897969014,1,2.57
2.14355637030932,1.20933547813236,1,2.58
2.217710343788015,1.1441943140561714,1,2.59
2.217710343788015,1.1441943140561714,1,2.6
2.1150047603336386,1.1158500633297963,1,2.61
2.2173141452054117,1.125841505178406,1,2.62
2.2173141452054117,1.125841505178406,1,2.63
2.2428064712598252,1.1320586940128285,1,2.64
2.2428064712598252,1.1320586940128285,1,2.65
2.3060381648732626,1.1993112617672497,1,2.66
2.367034881280715,1.236946695675042,1,2.67
2.3722685065351,1.3088750788648988,1,2.68
2.3963038191837778,1.1950895016439373,1,2.69
2.289075325658088,1.2428318159670753,1,2.7
2.3029936222704204,1.2340254910481663,1,2.71
2.320666339383752,1.2383000336043348,1,2.72
2.450081559483939,1.142428051821858,1,2.73
2.3918437413537075,1.19388990249814,1,2.74
2.3380464509394705,1.2459196763820595,1,2.75
2.319662508500002,1.323224004180569,1,2.7600000000000002
2.321967192785272,1.2927193051652612,1,2.77
2.305446323624031,1.2907007323679884,1,2.7800000000000002
2.177805190850397,1.2671253540627556,1,2.79
2.177805190850397,1.2671253540627556,1,2.8000000000000003
2.177805190850397,1.2671253540627556,1,2.81
2.231027124535124,1.2567806844766747,1,2.82
2.1948995358310546,1.3420754210262669,1,2.83
2.2674141984517657,1.198655187608407,1,2.84
2.2674141984517657,1.198655187608407,1,2.85
2.210488751238994,1.230635389600826,1,2.86
2.210488751238994,1.230635389600826,1,2.87
2.178453266797604,1.23783224972725,1,2.88
2.289752333531926,1.0908479277876595,1,2.89
2.226009571315837,1.1932895109654742,1,2.9
2.226009571315837,1.1932895109654742,1,2.91
2.207883350872975,1.1443540630166122,1,2.92
2.207883350872975,1.1443540630166122,1,2.93
2.207883350872975,1.1443540630166122,1,2.94
2.2457261982367824,1.0943244493022206,1,2.95
2.239485443800695,1.1218219679358423,1,2.96
2.251437286141215,1.1646792298563893,1,2.97
2.251437286141215,1.1646792298563893,1,2.98
2.384010544217213,1.1567813075246751,1,2.99
2.384010544217213,1.1567813075246751,1,3.0
2.3364569445152585,1.2221339939049831,1,3.0100000000000002
2.405357553992721,1.1772157445552882,1,3.02
2.405357553992721,1.1772157445552882,1,3.0300000000000002
2.418277353099657,1.2079767301417388,1,3.04
2.401726680564266,1.2210711485379169,1,3.0500000000000003
2.3047583524550586,1.3488219453178365,1,3.06
2.364706493501722,1.3264467788967855,1,3.0700000000000003
2.364706493501722,1.3264467788967855,1,3.08
2.4826946184679577,1.3723748706075876,1,3.09
2.4826946184679577,1.3723748706075876,1,3.1
2.4460093952279305,1.4108618838900928,1,3.11
2.4295256374806926,1.4501408838010736,1,3.12
2.6439442540227227,1.327548081715466,1,3.13
2.7622544921428767,1.2453027544717874,1,3.14
2.7622544921428767,1.2453027544717874,1,3.15
2.7414337666589534,1.2340680534146504,1,3.16
2.7414337666589534,1.2340680534146504,1,3.17
2.7414337666589534,1.2340680534146504,1,3.18
2.7414337666589534,1.2340680534146504,1,3.19
2.719461436801655,1.2561630040592728,1,3.2
2.7372840825185247,1.271985405809879,1,3.21
2.642673518391031,1.3967930027647415,1,3.22
2.699441006309301,1.4216076671928939,1,3.23
2.755386148512793,1.478612363173593,1,3.24
2.7988051756880976,1.4743224432729058,1,3.25
2.809152914149908,1.4537937084943853,1,3.2600000000000002
2.753568765135721,1.4850615381792223,1,3.27
2.753568765135721,1.4850615381792223,1,3.2800000000000002
2.7522477582805327,1.5336053614873093,1,3.29
2.812693990042055,1.533850506279924,1,3.3000000000000003
2.891430300311642,1.4586248283166736,1,3.31
2.891430300311642,1.4586248283166736,1,3.3200000000000003
2.769958650533164,1.5968973025819655,1,3.33
2.8897245469701036,1.5933869142387005,1,3.34
2.8682174765529687,1.6825796575752725,1,3.35
2.8682174765529687,1.6825796575752725,1,3.36
2.9574451281956162,1.670492832851996,1,3.37
2.9693835140055067,1.7129331199266427,1,3.38
3.0803907398434394,1.6927561389390706,1,3.39
3.0803907398434394,1.6927561389390706,1,3.4
3.1013372139720623,1.7106379037189314,1,3.41
3.10187830291493,1.699543068369501,1,3.42
3.0781676631489656,1.7672060582325302,1,3.43
3.0781676631489656,1.7672060582325302,1,3.44
2.9939279129250034,1.890908778893635,1,3.45
3.067634663574202,1.8495393461155802,1,3.46
3.0767010525004337,1.7890884337107205,1,3.47
3.111643654197831,1.790321359486531,1,3.48
3.0743596097085812,1.7470510955611993,1,3.49
3.111643654197831,1.790321359486531,1,3.5
3.1265975005305795,1.7606851736247564,1,3.5100000000000002
3.1854441911883775,1.7551230323131246,1,3.52
3.236592971768591,1.7457247443396442,1,3.5300000000000002
3.2638167153843014,1.7500868775752745,1,3.54
3.2944791517781074,1.734618647953626,1,3.5500000000000003
3.3636389870257197,1.763097411369805,1,3.56
3.28275762936279,1.7778187974362012,1,3.5700000000000003
3.2879768867353554,1.8441755697436757,1,3.58
3.2879768867353554,1.8441755697436757,1,3.59
3.241772637287743,1.8316112973417589,1,3.6
3.2916115183294026,1.8132515187884648,1,3.61
3.2530008120832554,1.8459432974155365,1,3.62
3.3252643018340526,1.7960544885972554,1,3.63
3.2927258600493023,1.781143284111575,1,3.64
3.256275659039144,1.7785076325622755,1,3.65
3.302659779886891,1.7811295933632443,1,3.66
3.305257034858318,1.7736569010445595,1,3.67
3.302112318817937,1.8087301640022364,1,3.68
3.302112318817937,1.8087301640022364,1,3.69
3.302112318817937,1.8087301640022364,1,3.7
3.3200146876489813,1.8296988481318417,1,3.71
3.291571625573471,1.8786965851796777,1,3.72
3.2559245754389883,1.8779421564377787,1,3.73
3.3042293063837063,1.7701466838090063,1,3.74
3.2881682489361066,1.8587339829657583,1,3.75
3.2881682489361066,1.8587339829657583,1,3.7600000000000002
3.2881682489361066,1.8587339829657583,1,3.77
3.302365566142179,1.8941374514900078,1,3.7800000000000002
3.2443401129484988,1.9240344503630313,1,3.79
3.302365566142179,1.8941374514900078,1,3.8000000000000003
3.284841695240306,1.9340491108575368,1,3.81
3.2241688736202825,1.9980122145172055,1,3.8200000000000003
3.291315981411571,1.9376446536641128,1,3.83
3.2371352196095344,1.8461201302139323,1,3.84
3.1414016387696946,1.9503211153980964,1,3.85
3.2233642708242543,1.946218564834662,1,3.86
3.266895290895267,2.0074224861117833,1,3.87
3.130269972292579,1.985247229952743,1,3.88
3.130269972292579,1.985247229952743,1,3.89
3.130269972292579,1.985247229952743,1,3.9
3.182152494004861,1.9266362188342618,1,3.91
3.182152494004861,1.9266362188342618,1,3.92
3.271181773353345,1.933114385512632,1,3.93
3.2954719579343292,1.9632702196927472,1,3.94
3.2954719579343292,1.9632702196927472,1,3.95
3.5240682408780852,1.8704943698625216,1,3.96
3.5125905881789765,1.994950299616309,1,3.97
3.4742566326090594,2.027825669672851,1,3.98
3.478005003443196,2.036430887203976,1,3.99
3.4708752161547576,1.9953235636071724,1,4.0
3.4847047986469915,2.0205420714300413,1,4.01
3.6192998557658633,1.8877926401121765,1,4.0200000000000005
3.5810920679306895,1.9108654560573697,1,4.03
3.5302467839593357,1.942027081753865,1,4.04
3.5302467839593357,1.942027081753865,1,4.05
3.5302467839593357,1.942027081753865,1,4.0600000000000005
3.5571453430634357,1.929909599113499,1,4.07
3.417199327956595,2.1034348658953896,1,4.08
3.448064577879346,2.0843073803056016,1,4.09
3.516321182445214,2.0760591264774,1,4.1
3.6231862938413446,2.053778616846713,1,4.11
3.6231862938413446,2.053778616846713,1,4.12
3.487991119563419,2.0515669826628766,1,4.13
3.487991119563419,2.0515669826628766,1,4.14
3.452912021785588,2.0682524752037237,1,4.15
3.385209261951269,2.173668857812271,1,4.16
3.452912021785588,2.0682524752037237,1,4.17
3.452912021785588,2.0682524752037237,1,4.18
3.425889666947749,2.0455239445801405,1,4.19
3.384930001008996,1.9747543867290585,1,4.2
3.4152337543012776,1.9315884510408414,1,4.21
3.414670586655861,1.9249128133781632,1,4.22
3.4195774690615726,1.9068393491350717,1,4.23
3.437098170967088,1.8560259003602086,1,4.24
3.462530679291284,1.8532148439683793,1,4.25
3.462530679291284,1.8532148439683793,1,4.26
3.489749084324602,1.887632292117149,1,4.2700000000000005
3.489749084324602,1.887632292117149,1,4.28
3.431536049830679,1.8799338724523609,1,4.29
3.464788544790127,1.8603114554100846,1,4.3
3.3837634929158074,1.8023675494201057,1,4.3100000000000005
3.163470806832464,1.956351857233987,1,4.32
3.2043476133236184,1.8391021006793733,1,4.33
3.0223998764383353,1.8911722795705743,1,4.34
3.0494000754524686,1.8819327735045575,1,4.3500000000000005
3.1235896088865083,1.912769616385041,1,4.36
3.1631594723493572,1.9261587290117355,1,4.37
3.160685498478245,1.9374221910444562,1,4.38
3.1649162150052774,1.9283283301213205,1,4.39
3.1649162150052774,1.9283283301213205,1,4.4
3.163535431448662,1.9399806096261356,1,4.41
3.1508720976633686,1.9284524431904293,1,4.42
3.1009097814790714,2.017195194367247,1,4.43
3.1289162065533063,1.9619904198458864,1,4.44
3.1999751394741445,1.9442013862675607,1,4.45
3.1999751394741445,1.9442013862675607,1,4.46
3.081183864368995,2.07058375509381,1,4.47
3.176938553611374,1.9838366687615754,1,4.48
3.1401930898762087,2.00147940282609,1,4.49
3.1026541863899757,1.9418468706132852,1,4.5
3.111962951049847,1.7744705443555373,1,4.51
3.1416114923515748,1.739662439745467,1,4.5200000000000005
3.1416114923515748,1.739662439745467,1,4.53
3.1218374979376007,1.8199401754629616,1,4.54
3.100663862744226,1.8013562752087244,1,4.55
3.15055557129606,1.877718367945785,1,4.5600000000000005
3.1226621664505148,1.899858399603987,1,4.57
3.130330853569228,1.9138511736322388,1,4.58
3.173398820677972,1.9094463237215147,1,4.59
3.173398820677972,1.9094463237215147,1,4.6000000000000005
3.2426651994130253,1.8641183919550715,1,4.61
3.2979437978060058,1.89066299430981,1,4.62
3.2852225508601753,1.90300095199168,1,4.63
3.3093457949507323,1.9539325320926326,1,4.64
3.322868674285492,1.9874434334699178,1,4.65
3.322868674285492,1.9874434334699178,1,4.66
3.358406803393231,2.1009671050747065,1,4.67
3.4303913196705396,2.099728321310463,1,4.68
3.4474510822824107,2.10676857635579,1,4.69
3.4215726670127076,2.2062252891711163,1,4.7
3.4215726670127076,2.2062252891711163,1,4.71
3.3901083396195397,2.054995907264636,1,4.72
3.3901083396195397,2.054995907264636,1,4.73
3.3901083396195397,2.054995907264636,1,4.74
3.4310382191496753,2.103597050387065,1,4.75
3.3681798201728714,2.0903809184531355,1,4.76
3.25660089327976,2.1468896814391267,1,4.7700000000000005
3.25660089327976,2.1468896814391267,1,4.78
3.25660089327976,2.1468896814391267,1,4.79
3.1503222679881717,2.276878324827514,1,4.8
3.2287821003844726,2.229610868697825,1,4.8100000000000005
3.2751942443141657,2.2085323317391143,1,4.82
3.2549906872932097,2.2389776971056974,1,4.83
3.263661527316065,2.1844070500030206,1,4.84
3.263661527316065,2.1844070500030206,1,4.8500000000000005
3.263661527316065,2.1844070500030206,1,4.86
3.26706615845694,2.233218019240287,1,4.87
3.26706615845694,2.233218019240287,1,4.88
3.2322269377218475,2.2340487378890126,1,4.89
3.2952109074608935,2.1732262753490432,1,4.9
3.28739971990724,2.2357549088034974,1,4.91
3.28739971990724,2.2357549088034974,1,4.92
3.319784513482904,2.276640249449806,1,4.93
3.394127657634365,2.2910574736863314,1,4.94
3.3902104229611356,2.3306028602933915,1,4.95
3.4218914202066797,2.221095545270186,1,4.96
3.4319827024202367,2.2124267891917024,1,4.97
3.3006118845210564,2.266839034255219,1,4.98
3.3006118845210564,2.266839034255219,1,4.99
3.3059666660264786,2.2263831485621335,1,5.0
3.4091311287494865,2.319616224711721,1,5.01
3.4091311287494865,2.319616224711721,1,5.0200000000000005
3.3363809746148423,2.3969769593858583,1,5.03
3.323024416041763,2.423115913073946,1,5.04
3.259824819533913,2.468625005115172,1,5.05
3.323024416041763,2.423115913073946,1,5.0600000000000005
3.342173202126947,2.4376404886099396,1,5.07
3.211490755665608,2.592442967240462,1,5.08
3.3222108450038332,2.5778427191936286,1,5.09
3.313967540855763,2.42508660051346,1,5.1000000000000005
3.313967540855763,2.42508660051346,1,5.11
3.339601308265276,2.4544792526139267,1,5.12
3.339601308265276,2.4544792526139267,1,5.13
3.2763544877529878,2.3315158055731318,1,5.14
3.2431644409735405,2.2791117483821544,1,5.15
3.2150712869252094,2.2460258182121344,1,5.16
3.2422895919013106,2.253195829426891,1,5.17
3.196248159937893,2.3192429645757158,1,5.18
3.1689876604275224,2.3130172774069777,1,5.19
3.0817610661677444,2.384477072872527,1,5.2
2.9250580037026555,2.384176929833471,1,5.21
2.9250580037026555,2.384176929833471,1,5.22
2.8804476859023835,2.3568092069830673,1,5.23
2.8840092536322,2.3908185540869193,1,5.24
2.9235880109798678,2.3444901869933394,1,5.25
2.9578296977326795,2.2950786077863494,1,5.26
2.8815670160429883,2.3036314026990303,1,5.2700000000000005
2.853775103558627,2.255634137524157,1,5.28
2.7623566685522167,2.0709572546134316,1,5.29
2.7623566685522167,2.0709572546134316,1,5.3
2.590740773470394,2.157325358685757,1,5.3100000000000005
2.6687369682666158,2.0944569563287345,1,5.32
2.7159185974877604,2.0923072508929605,1,5.33
2.694212497337493,2.0271260930301973,1,5.34
2.7159185974877604,2.0923072508929605,1,5.3500000000000005
2.7095120480672854,2.0975056206470057,1,5.36
2.722648961329425,2.0961833040067193,1,5.37
2.7413234676140887,2.0589991556354375,1,5.38
2.649909136248909,2.1543813321098377,1,5.39
2.6850262918702734,2.115176737567378,1,5.4
2.7369233294089286,2.065302591629642,1,5.41
2.71144705413206,2.1068511510741885,1,5.42
2.7143221992746693,2.1069916074634216,1,5.43
2.7143221992746693,2.1069916074634216,1,5.44
2.7275953592509796,2.1223142872281886,1,5.45
2.719695233280815,2.087683023615366,1,5.46
2.7373963698261243,2.088259259621853,1,5.47
2.7661934421158096,2.1227149382692163,1,5.48
2.7661934421158096,2.1227149382692163,1,5.49
2.8111671883972362,2.1753474462409446,1,5.5
2.7943823912615624,2.1670947873780064,1,5.51
2.8153420422238784,2.1494902633676376,1,5.5200000000000005
2.8709338125546124,2.0909554579025023,1,5.53
2.7992446645361384,2.1770633601077294,1,5.54
2.7669369883796087,2.0936455441214177,1,5.55
2.760625187548513,2.034722330511216,1,5.5600000000000005
2.7060921077037863,2.116246113473165,1,5.57
2.7792196331900927,2.080767270659636,1,5.58
2.8844936683244073,1.8666223487350566,1,5.59
2.8844936683244073,1.8666223487350566,1,5.6000000000000005
2.8844936683244073,1.8666223487350566,1,5.61
2.8844936683244073,1.8666223487350566,1,5.62
2.921543806871259,1.8657203695989848,1,5.63
2.9965842011155712,1.8255006324632028,1,5.64
2.9358125628968095,1.8681929705103564,1,5.65
2.9358125628968095,1.8681929705103564,1,5.66
2.8113676513098933,1.9455535954731267,1,5.67
2.910465663224672,1.9626069123246959,1,5.68
2.910465663224672,1.9626069123246959,1,5.69
2.8937950348822885,1.9374628029297083,1,5.7
2.8937950348822885,1.9374628029297083,1,5.71
2.857741190438318,1.9112047346791903,1,5.72
2.768589615956212,1.9075964540605466,1,5.73
2.6826136448828617,1.9596169837550068,1,5.74
2.6773924641606133,2.144389228232514,1,5.75
2.732858830862611,2.1246065299974566,1,5.76
2.7041488320556866,2.0277684769273256,1,5.7700000000000005
2.675478029381184,2.107325110785974,1,5.78
2.675478029381184,2.107325110785974,1,5.79
2.688475249770466,2.1186805668792776,1,5.8
2.688475249770466,2.1186805668792776,1,5.8100000000000005
2.6196784535839988,2.138434009067741,1,5.82
2.5460849480109733,2.148803626915678,1,5.83
2.5619780712647735,2.261048135006482,1,5.84
2.5619780712647735,2.261048135006482,1,5.8500000000000005
2.5792001494023835,2.260776345245704,1,5.86
2.5792001494023835,2.260776345245704,1,5.87
2.4706017767263413,2.46968224519194,1,5.88
2.4825440428042116,2.42741226741898,1,5.89
2.524559393786178,2.469531190984191,1,5.9
2.6230092879221676,2.4767375838974375,1,5.91
2.588890071778394,2.473008111643204,1,5.92
2.5823245948908253,2.4412284689295762,1,5.93
2.6061119549435037,2.4318144309006167,1,5.94
2.6061119549435037,2.4318144309006167,1,5.95
2.649219301230707,2.413640243042718,1,5.96
2.5405209782973825,2.532490573309237,1,5.97
2.6329048753464055,2.541910174054143,1,5.98
2.6329048753464055,2.541910174054143,1,5.99
3.4739611892475457,0.8481264676100743,2,0.0
3.471373250783045,0.8459895700679552,2,0.01
3.4688821005189094,0.8437868830838925,2,0.02
3.4688821005189094,0.8437868830838925,2,0.03
3.478763656344926,0.8458412945864316,2,0.04
3.4778705788021904,0.8441686397556458,2,0.05
3.4778705788021904,0.8441686397556458,2,0.06
3.470637930831305,0.8432471949783206,2,0.07
3.473478327703833,0.845013085310714,2,0.08
3.477975806356917,0.8438487222086108,2,0.09
3.4760130892020227,0.8425775763272899,2,0.1
3.4760130892020227,0.8425775763272899,2,0.11
3.475056241467929,0.8426988136263357,2,0.12
3.4782132394337895,0.8458478876831752,2,0.13
3.4782132394337895,0.8458478876831752,2,0.14
3.4758745861736187,0.8429679529707537,2,0.15
3.4778355916109738,0.8468061031862164,2,0.16
3.476261078133419,0.8432478178346364,2,0.17
3.480818514486161,0.8471560240824806,2,0.18
3.478377555852621,0.8522282960837205,2,0.19
3.4760606756900483,0.8445158330104924,2,0.2
3.447249385898279,0.8773381235350545,2,0.21
3.477236962059941,0.8486063840664979,2,0.22
3.4800213835426876,0.8478881865092527,2,0.23
3.4777468765416457,0.8450981006955507,2,0.24
3.4441394617529157,0.8757952649097313,2,0.25
3.4470608897851327,0.8775329283023777,2,0.26
3.4795879433322727,0.8477366666107617,2,0.27
3.4824546398348764,0.8459870682468913,2,0.28
3.4824546398348764,0.8459870682468913,2,0.29
3.4824546398348764,0.8459870682468913,2,0.3
3.4825483067890795,0.844651342712185,2,0.31
3.4801844445979917,0.8466280774799224,2,0.32
3.482499099480522,0.8434105607225288,2,0.33
3.482499099480522,0.8434105607225288,2,0.34
3.4535869382673168,0.8755601464040963,2,0.35000000000000003
3.450307525693311,0.8777980475492732,2,0.36
3.4477759344221286,0.878861748674059,2,0.37
3.450816022385251,0.8774175054085135,2,0.38
3.4806966252045086,0.8468092311170293,2,0.39
3.4500852654020577,0.8792966914166939,2,0.4
3.450218675404525,0.8741087852219743,2,0.41000000000000003
3.450870285231718,0.8796742791649917,2,0.42
3.4830828190072087,0.8470281053741073,2,0.43
3.4830828190072087,0.8470281053741073,2,0.44
3.452069009274067,0.8769367522421321,2,0.45
3.4491554848859494,0.8777035461972147,2,0.46
3.449504243640835,0.8765799410522818,2,0.47000000000000003
3.4517242257334297,0.8773440765070454,2,0.48
3.4517242257334297,0.8773440765070454,2,0.49
3.4536661282963235,0.8766338494666999,2,0.5
3.4538093901439293,0.8752368059950131,2,0.51
3.4538093901439293,0.8752368059950131,2,0.52
3.4538093901439293,0.8752368059950131,2,0.53
3.449437865908363,0.8756420918706928,2,0.54
3.450945693542196,0.8764214295805558,2,0.55
3.450945693542196,0.8764214295805558,2,0.56
3.45362955977439,0.8765158695284665,2,0.5700000000000001
3.448683662060325,0.8739715822188464,2,0.58
3.4531590319185406,0.8763525269772338,2,0.59
3.4551887669180252,0.8798122148743842,2,0.6
3.4550367711903767,0.8814878625734878,2,0.61
3.4550367711903767,0.8814878625734878,2,0.62
3.4540473489209194,0.8788921221809872,2,0.63
3.4495821226003125,0.8824647015717295,2,0.64
3.4525326192475143,0.8808793129240806,2,0.65
3.456829282606851,0.8818627841137975,2,0.66
3.458003893543107,0.8793432553649149,2,0.67
3.450000393805872,0.8839496972432505,2,0.68
3.4528980659628323,0.8801418257522964,2,0.6900000000000001
3.4558667421034053,0.8812701231216565,2,0.7000000000000001
3.454976986534116,0.877448403679098,2,0.71
3.461098542312019,0.8806337716320997,2,0.72
3.4542367743373315,0.8805706389684608,2,0.73
3.453078747880164,0.878322526313471,2,0.74
3.4566155075246017,0.8757166360068869,2,0.75
3.4577740471019704,0.8772993757955673,2,0.76
3.454390738920804,0.8846785356555587,2,0.77
3.456476186421015,0.8743087532870739,2,0.78
3.4574112460418376,0.8775135144274749,2,0.79
3.4577257014514915,0.8783160251756511,2,0.8
3.461175960022418,0.876102766963099,2,0.81
3.456199441815893,0.8768978641474944,2,0.8200000000000001
3.460016300802648,0.8789759704736502,2,0.8300000000000001
3.454599798002955,0.8781456247732318,2,0.84
3.456811465990028,0.8799492818605731,2,0.85
3.4604579876280863,0.8773906620160915,2,0.86
3.4611725079927633,0.8771487948056326,2,0.87
3.4611725079927633,0.8771487948056326,2,0.88
3.460694198862941,0.8805471321987451,2,0.89
3.4577507211975456,0.8794584944023345,2,0.9
3.4561794543868807,0.8765848743188633,2,0.91
3.4553902449804483,0.8772167394922296,2,0.92
3.4565821752906722,0.8747063987573758,2,0.93
3.461796388876288,0.8745604676911338,2,0.9400000000000001
3.4577287983910185,0.8758639273663522,2,0.9500000000000001
3.4635811083221686,0.8740897171905995,2,0.96
3.4539753764428274,0.8707332397307254,2,0.97
3.460795737208999,0.8733855972336177,2,0.98
3.460914180602157,0.8734359285527539,2,0.99
3.4650896260759394,0.8765395771661282,2,1.0
3.4650896260759394,0.8765395771661282,2,1.01
3.4650896260759394,0.8765395771661282,2,1.02
3.4650896260759394,0.8765395771661282,2,1.03
3.4610676549989834,0.8739426428612116,2,1.04
3.4626680635360976,0.8765053141643273,2,1.05
3.4635065227520463,0.8765775548393444,2,1.06
3.4600495736187455,0.8756163744148971,2,1.07
3.4600495736187455,0.8756163744148971,2,1.08
3.461737301398714,0.8763165109148293,2,1.09
3.4636784156489773,0.8755994635356934,2,1.1
3.4636784156489773,0.8755994635356934,2,1.11
3.463831704687328,0.877222762094747,2,1.12
3.466597244270262,0.8796957921037015,2,1.1300000000000001
3.465051308941947,0.8742952720929901,2,1.1400000000000001
3.4638327599781533,0.873615733607903,2,1.1500000000000001
3.4643846636008595,0.8734361351509047,2,1.16
3.4687055446440724,0.8711397879126405,2,1.17
3.4314738465551233,0.8972654270035689,2,1.18
3.4650661656297905,0.8745929081369038,2,1.19
3.464087784541701,0.8768880912178874,2,1.2
3.464087784541701,0.8768880912178874,2,1.21
3.4680754712033,0.8756710228411885,2,1.22
3.4662351136550518,0.8753441062233204,2,1.23
3.469038185233267,0.8751393816856341,2,1.24
3.469038185233267,0.8751393816856341,2,1.25
3.464177882821877,0.8763115131669045,2,1.26
3.471432000137665,0.875936442203475,2,1.27
3.466186746120915,0.8754756033812731,2,1.28
3.469747374074231,0.874942069836606,2,1.29
3.469747374074231,0.874942069836606,2,1.3
3.4667292338878943,0.8790180970950325,2,1.31
3.4725242296467855,0.8744370098297287,2,1.32
3.4664316121256107,0.8776417464070417,2,1.33
3.4664316121256107,0.8776417464070417,2,1.34
3.4696350688350748,0.8744882379518062,2,1.35
3.4704639051867887,0.8780745698708542,2,1.36
3.4704639051867887,0.8780745698708542,2,1.37
3.4684667845165293,0.875108182741825,2,1.3800000000000001
3.4684667845165293,0.875108182741825,2,1.3900000000000001
3.4754972835251556,0.8762711872633078,2,1.4000000000000001
3.4723782848278764,0.8739157212094896,2,1.41
3.470539079653154,0.8758056497724565,2,1.42
3.470539079653154,0.8758056497724565,2,1.43
3.4723702710866977,0.8751011688076502,2,1.44
3.4723702710866977,0.8751011688076502,2,1.45
3.4699485275091635,0.8762976562385575,2,1.46
3.47294383369033,0.8753598405417877,2,1.47
3.4732282063691953,0.8753054267649067,2,1.48
3.4732282063691953,0.8753054267649067,2,1.49
3.4746543641727445,0.8726218892148021,2,1.5
3.4714993259066653,0.8743644438308313,2,1.51
3.4714993259066653,0.8743644438308313,2,1.52
3.4762336030543044,0.8738958178943905,2,1.53
3.4741304409474,0.8757533478480188,2,1.54
3.4741304409474,0.8757533478480188,2,1.55
3.472925955029832,0.8766394688340724,2,1.56
3.476214576177256,0.8742768246809544,2,1.57
3.476214576177256,0.8742768246809544,2,1.58
3.476214576177256,0.8742768246809544,2,1.59
3.4742030469331597,0.875525908229103,2,1.6
3.4732816787730405,0.8728842953899469,2,1.61
3.4736611845034,0.874083293657789,2,1.62
3.4774195249693536,0.8744891732121718,2,1.6300000000000001
3.473540988509277,0.8745482604971665,2,1.6400000000000001
3.47631945457864,0.8754918383295464,2,1.6500000000000001
3.480870152733339,0.8801801443539318,2,1.6600000000000001
3.4742871192091007,0.8777311217448177,2,1.67
3.4733769528545686,0.8787008737834731,2,1.68
3.4733769528545686,0.8787008737834731,2,1.69
3.4808342705065254,0.8788123339526954,2,1.7
3.4758613621209733,0.878855114782238,2,1.71
3.47701417729691,0.8776751830685098,2,1.72
3.4751105741373363,0.8811454158852573,2,1.73
3.477975877351645,0.8801548060076703,2,1.74
3.4785508043286772,0.882042692200718,2,1.75
3.4498596402778348,0.9105830550427628,2,1.76
3.4786935078855943,0.8791973509861607,2,1.77
3.4800506506786975,0.8805082459868915,2,1.78
3.4802380616826856,0.8777077784986462,2,1.79
3.446176499432581,0.9109886032648572,2,1.8
3.478384332205351,0.878128625447575,2,1.81
3.48258076722383,0.881628381387396,2,1.82
3.4494837951288817,0.9079327056545978,2,1.83
3.481699551526738,0.8810482249820681,2,1.84
3.4797391908885804,0.8794428571117103,2,1.85
3.4817022435960854,0.8767691639311311,2,1.86
3.445381591676429,0.9064422507568564,2,1.87
3.477444304575292,0.8799751149237682,2,1.8800000000000001
3.4521830262506987,0.913147886277355,2,1.8900000000000001
3.444032556833792,0.9052884841240892,2,1.9000000000000001
3.4775064414481407,0.8815618405966694,2,1.9100000000000001
3.480737937102352,0.8795818170521142,2,1.92
3.4481563210932853,0.9115368711035202,2,1.93
3.4790293088608726,0.8799189077441129,2,1.94
3.4785988780544765,0.8793980930625693,2,1.95
3.449881840995914,0.9066440588369391,2,1.96
3.4503657645648467,0.905457148595981,2,1.97
3.4780054641311713,0.8776506905693265,2,1.98
3.4486223613140408,0.9083465284378794,2,1.99
3.4803777413737245,0.8774917117134606,2,2.0
3.480663624635786,0.8766927152528802,2,2.0100000000000002
3.4464019399653725,0.9043518769372496,2,2.02
3.4777882287932536,0.879441268891121,2,2.0300000000000002
3.451344548492276,0.9074173225765098,2,2.04
3.480713704866433,0.8751137853347768,2,2.05
3.4496875216652207,0.9043851524493547,2,2.06
3.4504354201419924,0.9084234876170544,2,2.07
3.4488600896819768,0.9103611748564862,2,2.08
3.448832282944494,0.9120786055868895,2,2.09
3.4473334589440223,0.9083254046184368,2,2.1
3.478510023420858,0.8776458347237452,2,2.11
3.4508933417032943,0.9111573756227098,2,2.12
3.4481071242247197,0.905018171262264,2,2.13
3.4496052051978805,0.9075927415233601,2,2.14
3.44845013007398,0.9105087179108834,2,2.15
3.4510660328607328,0.9037094092772989,2,2.16
3.451014531691957,0.9063048349562143,2,2.17
3.4842797770569334,0.8768394337204704,2,2.18
3.451250841579193,0.9091105496844092,2,2.19
3.450930126000432,0.9063103404038467,2,2.2
3.452404597401943,0.9073382874252687,2,2.21
3.451718316988838,0.9055933397519513,2,2.22
3.4510812859551763,0.905699938513209,2,2.23
3.4521016792237216,0.9082869853199398,2,2.24
3.4521016792237216,0.9082869853199398,2,2.25
3.45298036547658,0.9062635993180084,2,2.2600000000000002
3.4521635275022486,0.907242189406576,2,2.27
3.454788213176132,0.9100484420247187,2,2.2800000000000002
3.450853317859283,0.905500406454899,2,2.29
3.4512045161667877,0.9103112640849605,2,2.3000000000000003
3.4818206758305794,0.874757956208468,2,2.31
3.4521345605580964,0.9079666438197738,2,2.32
3.4521345605580964,0.9079666438197738,2,2.33
3.456599479728435,0.9110080190216864,2,2.34
3.456599479728435,0.9110080190216864,2,2.35
3.457425505041333,0.9082395337459969,2,2.36
3.45359181288519,0.9092378536722406,2,2.37
3.457176530171125,0.9077129327736527,2,2.38
3.4570700939558465,0.9112089807309547,2,2.39
3.4570700939558465,0.9112089807309547,2,2.4
3.4567221045835335,0.905690576899071,2,2.41
3.453056128581639,0.9050157964824169,2,2.42
3.4549230393689907,0.9056623219172106,2,2.43
3.4553980545797884,0.9056101099048035,2,2.44
3.454290026457544,0.9087381028621124,2,2.45
3.454290026457544,0.9087381028621124,2,2.46
3.45847511393915,0.9135211408638546,2,2.47
3.4562478227669136,0.9130231962379954,2,2.48
3.4550831115267533,0.9146931960193632,2,2.49
3.4550831115267533,0.9146931960193632,2,2.5
3.4541655561640514,0.913032248254455,2,2.5100000000000002
3.45945158796298,0.9107068894306217,2,2.52
3.459180997915508,0.9113751315031505,2,2.5300000000000002
3.4598840421478774,0.9110247598562327,2,2.54
3.4552979059551596,0.908522881529365,2,2.5500000000000003
3.4634718145840253,0.9105212629171985,2,2.56
3.4563838321438447,0.9073340514868025,2,2.57
3.457929353825264,0.9105901279841222,2,2.58
3.458930433048781,0.9107389962568262,2,2.59
3.4607508781612317,0.909934625004801,2,2.6
3.4583141653081806,0.9104491959623406,2,2.61
3.4601255940095714,0.9067697881146777,2,2.62
3.458992184744574,0.9091600565800779,2,2.63
3.4578613435743217,0.9091068045105513,2,2.64
3.4648955620419044,0.9093638202515255,2,2.65
3.456199572720745,0.9125299072522985,2,2.66
3.4595655593321695,0.9117546277327049,2,2.67
3.455457782914969,0.9110444320238319,2,2.68
3.4542390180149205,0.9071352056275321,2,2.69
3.4542390180149205,0.9071352056275321,2,2.7
3.4542390180149205,0.9071352056275321,2,2.71
3.458165579739357,0.911136610806636,2,2.72
3.458165579739357,0.911136610806636,2,2.73
3.455003000952839,0.9083099453721444,2,2.74
3.458974880616026,0.9063913876684677,2,2.75
3.455759812773306,0.9055953794151144,2,2.7600000000000002
3.4615572229197906,0.9064687731034636,2,2.77
3.456132698190784,0.9075450292008213,2,2.7800000000000002
3.4578247568012275,0.9097167457771864,2,2.79
3.4578247568012275,0.9097167457771864,2,2.8000000000000003
3.458520073231188,0.9065131971583428,2,2.81
3.462350741589869,0.9064435613721432,2,2.82
3.4587247244818493,0.9074311528747413,2,2.83
3.4601114888770375,0.9057051054221656,2,2.84
3.45944917815456,0.906393266074909,2,2.85
3.45944917815456,0.906393266074909,2,2.86
3.4630438640703383,0.9052273248681574,2,2.87
3.460225691545332,0.9060484769637533,2,2.88
3.4608628431751747,0.9050862026220658,2,2.89
3.461970768282161,0.9064515600454038,2,2.9
3.461970768282161,0.9064515600454038,2,2.91
3.462895738270754,0.9081432639495741,2,2.92
3.4261365531822023,0.9315212216476424,2,2.93
3.45996012828253,0.9086077732063875,2,2.94
3.45996012828253,0.9086077732063875,2,2.95
3.464329705036039,0.9081576804566395,2,2.96
3.4631003854088274,0.903851515610427,2,2.97
3.4611987338935237,0.9071415062274595,2,2.98
3.460307372441643,0.9055881672044025,2,2.99
3.4607494948013366,0.9066814427744022,2,3.0
3.4603796286249353,0.9062154235054222,2,3.0100000000000002
3.463517829646082,0.9051033722059983,2,3.02
3.461918395813872,0.9082568078248423,2,3.0300000000000002
3.460124202893954,0.9069353502375748,2,3.04
3.460124202893954,0.9069353502375748,2,3.0500000000000003
3.395795782508063,0.969852623394946,2,3.06
3.4314251769096655,0.9318118241410865,2,3.0700000000000003
3.461942706280288,0.9059008365053294,2,3.08
3.4670804295208537,0.9075810374929774,2,3.09
3.4646151513987284,0.9091869127411745,2,3.1
3.4674053580079107,0.9094336816498463,2,3.11
3.462900565530466,0.9069721423328061,2,3.12
3.4669294075932364,0.9041571503448926,2,3.13
3.464492595900479,0.9057327463936701,2,3.14
3.465455974710218,0.9034418203410509,2,3.15
3.4668840343288183,0.9097156765774341,2,3.16
3.4631727882225043,0.9065506731512082,2,3.17
3.4663938672854484,0.905656361511435,2,3.18
3.4719378207083325,0.9057507087061779,2,3.19
3.4719378207083325,0.9057507087061779,2,3.2
3.4679572281506634,0.9057498192508596,2,3.21
3.466216993933216,0.9092280866274209,2,3.22
3.463131649918098,0.9074213883089884,2,3.23
3.4651968782903406,0.9044904792596885,2,3.24
3.4695761470850006,0.9064932334969514,2,3.25
3.441469515478727,0.9290617855506209,2,3.2600000000000002
3.469245373802185,0.9091575896071096,2,3.27
3.465573801209397,0.9075940865087082,2,3.2800000000000002
3.4680860382354353,0.9113608778699084,2,3.29
3.472399687339456,0.9082622065594925,2,3.3000000000000003
3.4755309545669815,0.908044888552855,2,3.31
3.4755309545669815,0.908044888552855,2,3.3200000000000003
3.4444978604928584,0.9318466738427365,2,3.33
3.4722259933722235,0.9114223096882719,2,3.34
3.472823776251839,0.912254305520477,2,3.35
3.4743026951728178,0.9070808512897307,2,3.36
3.4726479112348927,0.9123089557370134,2,3.37
3.4739967755621604,0.9122965781070016,2,3.38
3.4759504097833682,0.9095275018114831,2,3.39
3.4745518864378293,0.9141869876187322,2,3.4
3.472270945186622,0.9092108297272391,2,3.41
3.4752952522527343,0.9109710869408596,2,3.42
3.4767961566774614,0.9093155917272226,2,3.43
3.471897208334055,0.9094629830122234,2,3.44
3.470296460470474,0.9104598036074958,2,3.45
3.470296460470474,0.9104598036074958,2,3.46
3.470296460470474,0.9104598036074958,2,3.47
3.475559499688092,0.9103343521229637,2,3.48
3.475646270570728,0.9089262232817539,2,3.49
3.4745753648895454,0.9085581214821999,2,3.5
3.4767575077975317,0.907618197087428,2,3.5100000000000002
3.4767575077975317,0.907618197087428,2,3.52
3.47207282806021,0.9029621795514462,2,3.5300000000000002
3.4768524055095975,0.9110426337972136,2,3.54
3.475141753150775,0.9063543561747741,2,3.5500000000000003
3.472417654173154,0.9060715146101208,2,3.56
3.472417654173154,0.9060715146101208,2,3.5700000000000003
3.439959283509314,0.9318831274921254,2,3.58
3.439959283509314,0.9318831274921254,2,3.59
3.4758015807086267,0.9094339178002476,2,3.6
3.4747924972961814,0.9066944719808593,2,3.61
3.473632989266008,0.9075935633088638,2,3.62
3.473632989266008,0.9075935633088638,2,3.63
3.4806638051898626,0.908784225614218,2,3.64
3.480279277690682,0.9079623392044055,2,3.65
3.4771289906665386,0.9055897122312638,2,3.66
3.4771289906665386,0.9055897122312638,2,3.67
3.4771289906665386,0.9055897122312638,2,3.68
3.4761793132854617,0.9038472786016813,2,3.69
3.4743409596549157,0.9064949395466294,2,3.7
3.474399766966983,0.9043317680020382,2,3.71
3.445337539759938,0.9338044244480151,2,3.72
3.445337539759938,0.9338044244480151,2,3.73
3.445337539759938,0.9338044244480151,2,3.74
3.4743297022975956,0.9063097627649875,2,3.75
3.4736977175629895,0.9026077946977833,2,3.7600000000000002
3.4736977175629895,0.9026077946977833,2,3.77
3.4793048827668596,0.9055140297912141,2,3.7800000000000002
3.442822392177835,0.9315026017699968,2,3.79
3.445069286865054,0.931441031729741,2,3.8000000000000003
3.445069286865054,0.931441031729741,2,3.81
3.4783607883663286,0.9052571907334167,2,3.8200000000000003
3.450127212366639,0.9307372375254686,2,3.83
3.476214014063391,0.9048831006555444,2,3.84
3.476214014063391,0.9048831006555444,2,3.85
3.4437313093776747,0.9296092309997739,2,3.86
3.447448367372846,0.932118354901089,2,3.87
3.447506443382086,0.9320638441633183,2,3.88
3.3777141289510944,0.9950394024717697,2,3.89
3.376762550452088,0.9930239393610568,2,3.9
3.414376007326902,0.9641035079131791,2,3.91
3.47723193592081,0.905671715589466,2,3.92
3.47723193592081,0.905671715589466,2,3.93
3.478375192381709,0.9071341177362628,2,3.94
3.4780246753560347,0.9054009590656671,2,3.95
3.4780246753560347,0.9054009590656671,2,3.96
3.4830287409264202,0.9073481385516097,2,3.97
3.4123876649646636,0.9623038690449688,2,3.98
3.4482055846020825,0.938104360892995,2,3.99
3.482318377967896,0.9071163311596141,2,4.0
3.482318377967896,0.9071163311596141,2,4.01
3.444214929127065,0.9398481322705409,2,4.0200000000000005
3.4438803879251774,0.9389269321627441,2,4.03
3.480830302620531,0.9059810139201048,2,4.04
3.481894014263458,0.9073431155308755,2,4.05
3.4838138464879265,0.9069572938597608,2,4.0600000000000005
3.451197101205702,0.9375894995134968,2,4.07
3.4815507177941174,0.9069432880260876,2,4.08
3.449909270529025,0.9309060689263754,2,4.09
3.4456739002987558,0.9369692266135096,2,4.1
3.44742576752669,0.9404214507155705,2,4.11
3.4484139303748687,0.9383111385479124,2,4.12
3.4807332991419213,0.9076716672955552,2,4.13
3.482162062035125,0.9064528924909144,2,4.14
3.449925779187296,0.9358002597404254,2,4.15
3.4793138878852377,0.9051618078337225,2,4.16
3.451649856613751,0.9390710731592763,2,4.17
3.4473552569834762,0.9377381992908272,2,4.18
3.4473552569834762,0.9377381992908272,2,4.19
3.4798217455636014,0.9058339277572315,2,4.2
3.450491032275901,0.9402491938618083,2,4.21
3.450904730377581,0.93992434080589,2,4.22
3.450904730377581,0.93992434080589,2,4.23
3.4495228614480102,0.9363979343696436,2,4.24
3.4495228614480102,0.9363979343696436,2,4.25
3.4796790599137744,0.9064801518269446,2,4.26
3.450921655504198,0.9371545686404554,2,4.2700000000000005
3.451398846334488,0.9359517165303596,2,4.28
3.45287149317042,0.9378166995963484,2,4.29
3.4204791837835904,0.9617347491142642,2,4.3
3.418997446274084,0.9635645738661419,2,4.3100000000000005
3.4525489520079606,0.9374904529706999,2,4.32
3.417814655408328,0.9640502048649955,2,4.33
3.4483913057111573,0.934565398025694,2,4.34
3.4187412443994947,0.9612009636534208,2,4.3500000000000005
3.4187412443994947,0.9612009636534208,2,4.36
3.4496852625681305,0.9342563215872589,2,4.37
3.4511132522430747,0.9364633901370032,2,4.38
3.4502265175581375,0.936366861434329,2,4.39
3.450052461494065,0.9379759803996142,2,4.4
3.450052461494065,0.9379759803996142,2,4.41
3.450903857047304,0.9412306127040583,2,4.42
3.44983063460455,0.9383524976768546,2,4.43
3.4512842803152712,0.937116107719063,2,4.44
3.4512842803152712,0.937116107719063,2,4.45
3.4540637787680177,0.9402694312390145,2,4.46
3.451029933954775,0.9392312215548118,2,4.47
3.450098154399903,0.9392530981738695,2,4.48
3.4186761823209495,0.9621060496800822,2,4.49
3.453815297081534,0.9365870951340043,2,4.5
3.4526713516582226,0.9392058285942645,2,4.51
3.4210123272207302,0.9661232043585276,2,4.5200000000000005
3.4541015982472945,0.9380137851476203,2,4.53
3.451942195493322,0.9347235352895026,2,4.54
3.455495664671948,0.9382297206007357,2,4.55
3.4512449497860813,0.9375402394916542,2,4.5600000000000005
3.4522703514052284,0.9395154747097062,2,4.57
3.4485767926314086,0.9355859619603175,2,4.58
3.4520087644555786,0.941757439779417,2,4.59
3.4508357022969194,0.9385350932877998,2,4.6000000000000005
3.4567331189207167,0.9368527788694528,2,4.61
3.452706775057333,0.9361875654433212,2,4.62
3.4494661118598193,0.937712804849257,2,4.63
3.4512595431019375,0.9403645198092195,2,4.64
3.451491417471324,0.9383777158854425,2,4.65
3.452029897675519,0.9377013395048522,2,4.66
3.4530469393823404,0.9356904196029262,2,4.67
3.456920516596054,0.9402250197718822,2,4.68
3.456920516596054,0.9402250197718822,2,4.69
3.453577407225916,0.9379589556475504,2,4.7
3.453457430453493,0.9376912473886464,2,4.71
3.454928710978469,0.9405492431016755,2,4.72
3.454928710978469,0.9405492431016755,2,4.73
3.454228744226176,0.9378780724762733,2,4.74
3.4501617703039256,0.9363570004315769,2,4.75
3.458467773202125,0.9391190652678383,2,4.76
3.4553038927033906,0.9393920877707376,2,4.7700000000000005
3.4569881746963547,0.9399912838048774,2,4.78
3.4569881746963547,0.9399912838048774,2,4.79
3.4576169743550156,0.9380157428494085,2,4.8
3.4569414957968494,0.9400405465030944,2,4.8100000000000005
3.4554705555864413,0.9369909136425763,2,4.82
3.4551162270103886,0.9379039780605126,2,4.83
3.4584248158949835,0.9414796270962065,2,4.84
3.455880315884525,0.9353023180151018,2,4.8500000000000005
3.4604541430064653,0.9393513070018737,2,4.86
3.458416795998263,0.9395576245347281,2,4.87
3.4589265995695424,0.9381546460988027,2,4.88
3.459964023282298,0.9385803124036144,2,4.89
3.456195730984969,0.9366046064259903,2,4.9
3.462037215421192,0.9376701653290846,2,4.91
3.4551295692916826,0.9396655882969412,2,4.92
3.458593194040939,0.9369125808327717,2,4.93
3.458593194040939,0.9369125808327717,2,4.94
3.4582243663992465,0.9376540928190467,2,4.95
3.4620511278560446,0.9364593108689241,2,4.96
3.4259520120434486,0.9646196317589701,2,4.97
3.3927318871201932,0.9984216047392613,2,4.98
3.433915931841271,0.9616973716532258,2,4.99
3.425003073925054,0.9599088111583112,2,5.0
3.4559145509614297,0.9391623697373824,2,5.01
3.4559145509614297,0.9391623697373824,2,5.0200000000000005
3.4559145509614297,0.9391623697373824,2,5.03
3.4559145509614297,0.9391623697373824,2,5.04
3.457012490242799,0.9396005436200798,2,5.05
3.457712747805951,0.9358168703110668,2,5.0600000000000005
3.4581691829348293,0.9430640720617499,2,5.07
3.4594942875546226,0.940201730673284,2,5.08
3.4594942875546226,0.940201730673284,2,5.09
3.4588934240189833,0.9438180512908969,2,5.1000000000000005
3.458136763886665,0.9389296141336949,2,5.11
3.4557085787948676,0.9373316576525715,2,5.12
3.4557085787948676,0.9373316576525715,2,5.13
3.4580359268396017,0.9381891452163517,2,5.14
3.457722326774783,0.9387448230489138,2,5.15
3.4301903135721403,0.9644917656467058,2,5.16
3.4621423013095596,0.9389793259151831,2,5.17
3.4605071706796724,0.9369351368255546,2,5.18
3.457423412390219,0.9389037864118406,2,5.19
3.4576883468553303,0.9354008219400105,2,5.2
3.4601767467548075,0.9364717151872474,2,5.21
3.46105377102519,0.9341540928360611,2,5.22
3.46105377102519,0.9341540928360611,2,5.23
3.459237456256661,0.9383448405381131,2,5.24
3.459237456256661,0.9383448405381131,2,5.25
3.4625694157603077,0.942037274741685,2,5.26
3.457638111737385,0.9357686965546844,2,5.2700000000000005
3.46238646399912,0.9355157754595432,2,5.28
3.46238646399912,0.9355157754595432,2,5.29
3.4617393952409463,0.9370177624646472,2,5.3
3.462973831424543,0.9378634998877341,2,5.3100000000000005
3.462973831424543,0.9378634998877341,2,5.32
3.4331479476057547,0.9622488277859158,2,5.33
3.4621736447026787,0.9340654455318949,2,5.34
3.4621736447026787,0.9340654455318949,2,5.3500000000000005
3.4307921466612092,0.9606820903959641,2,5.36
3.4608241780767526,0.9370720919804507,2,5.37
3.4599764482246336,0.9356446064872024,2,5.38
3.435703442845195,0.9653981081190037,2,5.39
3.460191742241039,0.9345893301107064,2,5.4
3.425075905826092,0.961726051299673,2,5.41
3.466137841770872,0.9372090722153412,2,5.42
3.4288405797292234,0.9635672954554219,2,5.43
3.4313697749550274,0.9643163881039141,2,5.44
3.4629653037593924,0.9353606548054737,2,5.45
3.430289868324026,0.9608574541570021,2,5.46
3.4653562148514365,0.9372770045873368,2,5.47
3.395244082549531,0.9969386116010865,2,5.48
3.4283282136023634,0.9617830418706454,2,5.49
3.4283282136023634,0.9617830418706454,2,5.5
3.4313211886121704,0.9585442823257504,2,5.51
3.397762870772126,0.9941983063491607,2,5.5200000000000005
3.4313211886121704,0.9585442823257504,2,5.53
3.433052547544702,0.9646468091761816,2,5.54
3.4625454981252575,0.9385734566596015,2,5.55
3.431707328581851,0.9642782748310094,2,5.5600000000000005
3.4621860867550356,0.9405798476869177,2,5.57
3.432203697689887,0.9598099951704442,2,5.58
3.4008802880516575,0.9954828005327178,2,5.59
3.432203697689887,0.9598099951704442,2,5.6000000000000005
3.432203697689887,0.9598099951704442,2,5.61
3.4605091711312306,0.9370576923301829,2,5.62
3.460297236708078,0.938243643063487,2,5.63
3.460297236708078,0.938243643063487,2,5.64
3.4615970584872335,0.9362106807649967,2,5.65
3.4615970584872335,0.9362106807649967,2,5.66
3.4613511245790827,0.9376659249237027,2,5.67
3.4613511245790827,0.9376659249237027,2,5.68
3.4654465501419933,0.9397963884968078,2,5.69
3.4332602513968786,0.9607997566912183,2,5.7
3.4657371475312235,0.9395292166952505,2,5.71
3.459620357928229,0.9376301105633398,2,5.72
3.459620357928229,0.9376301105633398,2,5.73
3.4617188042717597,0.9396502482112287,2,5.74
3.4617188042717597,0.9396502482112287,2,5.75
3.462797767653055,0.9366259450317026,2,5.76
3.4665823126672306,0.9367960424381194,2,5.7700000000000005
3.4665823126672306,0.9367960424381194,2,5.78
3.4348653446958326,0.9643350354608735,2,5.79
3.4690381951884706,0.9374083508619044,2,5.8
3.4690381951884706,0.9374083508619044,2,5.8100000000000005
3.43358589426931,0.9637923437274409,2,5.82
3.463810179338339,0.9381151595520077,2,5.83
3.463810179338339,0.9381151595520077,2,5.84
3.463810179338339,0.9381151595520077,2,5.8500000000000005
3.4661641397076597,0.9368636677111384,2,5.86
3.4661641397076597,0.9368636677111384,2,5.87
3.4622343717330146,0.9376328988568813,2,5.88
3.4622343717330146,0.9376328988568813,2,5.89
3.4712068679789616,0.934987037279091,2,5.9
3.4660181178149707,0.9357748214170225,2,5.91
3.468287378760184,0.9372348275293617,2,5.92
3.463654486055579,0.9374552825176669,2,5.93
3.463654486055579,0.9374552825176669,2,5.94
3.4676342032758627,0.937500024399826,2,5.95
3.468319054810016,0.9367544076184144,2,5.96
3.468319054810016,0.9367544076184144,2,5.97
3.468319054810016,0.9367544076184144,2,5.98
3.4678721213899935,0.9354776390290145,2,5.99
