t,x,y
0.0005,3.6428864077976,3.5667615061928704
0.001,3.64968214165,3.5954347543762304
0.0015,3.6694913116289998,3.61440618510296
0.002,3.6489823194465,3.65553760985228
0.0025,3.66664927342787,3.58209347182366
0.003,3.6616650513511604,3.61572664328448
0.0035,3.69861851575346,3.67604917753284
0.004,3.69378672932197,3.75377595586931
0.0045,3.69237521012645,3.79923242123865
0.005,3.73504595823673,3.8444589974898498
0.0055,3.6749856869980198,3.82295717501118
0.006,3.6447838663158194,3.78818926147869
0.0065,3.6872225483545695,3.75922066995713
0.006999999999999999,3.70252094898049,3.80402552459077
0.0075,3.73693641881978,3.7947370160572897
0.008,3.7091118822549505,3.8291197114102697
0.0085,3.66046553103918,3.8275577733488197
0.009000000000000001,3.68429320014337,3.8259012269407897
0.0095,3.6718045322179003,3.8133089907099302
0.01,3.65456346975123,3.79724989791256
0.0105,3.6576902913207503,3.7490161723715096
0.011000000000000001,3.6088203954169797,3.74269732995611
0.0115,3.57821172335563,3.71856013175233
0.012,3.5615043500700803,3.7147226209000404
0.0125,3.5671202866938,3.68139430018103
0.013000000000000001,3.5334597808796095,3.66165456182073
0.0135,3.5383315306766896,3.7283433793952203
0.013999999999999999,3.5620756626694603,3.7501096137800896
0.0145,3.6182452001501,3.7617329356032
0.015,3.6180835076797404,3.7463014096747704
0.0155,3.61623499368179,3.69030844141344
0.016,3.64166283043216,3.71893635689197
0.0165,3.65158881512122,3.7224535751048
0.017,3.65413689701315,3.69320577122625
0.0175,3.6798038510658597,3.6784882915522497
0.018000000000000002,3.7297381237564395,3.6823150460283194
0.0185,3.77054440528773,3.61684471016091
0.019,3.80340014867347,3.5963760190190697
0.0195,3.7882022817554803,3.5752181081751
0.02,3.78181617594195,3.58687341209068
0.0205,3.7791847877686804,3.5169822916168396
0.021,3.8105720993479197,3.5025106428357797
0.0215,3.89376433465908,3.5639820397174597
0.022000000000000002,3.9501811776760296,3.5386007966050297
0.0225,4.02175566408052,3.49515796975584
0.023,4.00762247272651,3.5604999578758103
0.0235,4.0257260786736,3.5394198668219303
0.024,4.04256491948293,3.5841297027327697
0.0245,4.011657038934549,3.6494792064137203
0.025,4.0204384951368795,3.70175838698735
0.0255,3.98315432219523,3.7153128077367596
0.026000000000000002,3.9755667159966297,3.7168754637603096
0.0265,3.99654352462817,3.7188056350323397
0.027000000000000003,4.00399012767879,3.7237986793147795
0.0275,3.9777436381725604,3.68385842541287
0.027999999999999997,3.9547712243686894,3.72306440030464
0.0285,3.95631341684302,3.74129467596094
0.028999999999999998,4.030315841396851,3.78613335757523
0.0295,4.08437338297628,3.78690094578644
0.03,4.14210742680335,3.77845105534919
0.0305,4.10497967403301,3.7987151244378503
0.031,4.1405129173607005,3.81697982267738
0.0315,4.2056685895232,3.8591889359070803
0.032,4.26396718740926,3.85148011117311
0.0325,4.2825338007591895,3.8400999285177404
0.033,4.24315180158025,3.8376263033300604
0.0335,4.20085501130725,3.78560777489699
0.034,4.1421396316721,3.78634128390145
0.0345,4.10404993366929,3.7324876518003305
0.035,4.0980172842896,3.70644053996398
0.0355,4.0653166381006605,3.7424949709149
0.036000000000000004,4.04295307489798,3.73551691411959
0.0365,4.00569315844811,3.64958130320638
0.037000000000000005,3.9398360765995895,3.57190520252155
0.0375,3.9581777298611898,3.47450757446373
0.038,3.90795701311756,3.42819876485092
0.0385,3.95990952134372,3.4469032342624404
0.039,3.91826944538697,3.48843586041844
0.0395,3.88742610457362,3.5666988489024902
0.04,3.8229927712962097,3.49609674292013
0.0405,3.8153869645637597,3.48543602682891
0.040999999999999995,3.79915881217495,3.46162938379354
0.0415,3.77763868677935,3.48775665936809
0.042,3.7389766570347898,3.5175416746030996
0.0425,3.7122253748426903,3.56049885919867
0.043,3.69310641917081,3.53590327327042
0.0435,3.73735791927834,3.56985101163498
0.044000000000000004,3.69034474961334,3.5994449221033102
0.0445,3.7384248917522998,3.6021576021218995
0.045,3.77216806880566,3.58454717742805
0.0455,3.81303162104922,3.5615620775639703
0.046,3.7989354769304704,3.5018032021341603
0.0465,3.8568925665872,3.43641934451743
0.047,3.8515962747837595,3.42750926770787
0.0475,3.84993409375313,3.4376249088652795
0.048,3.84352114836065,3.40801698210347
0.0485,3.8501205761385298,3.36436299394167
0.049,3.8575437256172402,3.40440505104582
0.0495,3.7816169698104702,3.4298209123222
0.05,3.77448903921484,3.4223898135019906
0.0505,3.77863340653716,3.4418714652127202
0.051,3.7952560889245404,3.4360255096782595
0.0515,3.82616810653588,3.42448887280263
0.052000000000000005,3.77544003493706,3.42985317374443
0.0525,3.7661037493148197,3.4298177557002902
0.053,3.79823037834033,3.4021247871101004
0.0535,3.8443840867092502,3.38221021213889
0.054000000000000006,3.90052192940321,3.40458820067664
0.0545,3.9108649413568597,3.3790170019712202
0.055,3.94957604133462,3.45334198184193
0.0555,3.96744943845039,3.48844635226625
0.055999999999999994,4.01784416446875,3.42352242004095
0.0565,3.9758616980135093,3.4610347913247503
0.057,4.01434213382654,3.46867087264419
0.0575,4.03195114380076,3.50212742889171
0.057999999999999996,4.01366339295487,3.51955372245156
0.0585,3.97820942249534,3.5018995497773497
0.059000000000000004,3.9945492679166206,3.46207548835078
0.0595,3.9637696616212406,3.44034986265419
0.06,3.9139207916038,3.37355776772363
0.0605,3.94175003875794,3.37458713790729
0.061,3.8710205691116695,3.37933988637461
0.0615,3.8778973847147595,3.3725079890860097
0.062,3.96029855566192,3.4446912473645894
0.0625,4.00551533962542,3.4509596587329705
0.063,3.9903210254123396,3.4162553017534303
0.0635,4.01068981529022,3.4364713572227696
0.064,3.99875288972215,3.4374031026475604
0.0645,4.03452098709046,3.4442030794405003
0.065,4.01151582004802,3.4598362514531296
0.0655,4.01549863049291,3.4329927291558597
0.066,3.9955682914673596,3.40677637036228
0.0665,4.00561114663498,3.3252482128789995
0.067,4.04548469295595,3.3613922251047796
0.0675,4.08835632624563,3.37357633432023
0.068,4.16240739992221,3.3628344357977005
0.0685,4.16745957961326,3.3628919974525897
0.069,4.186891393199939,3.40506680850962
0.0695,4.19307310912393,3.4039535836119104
0.07,4.26284448794303,3.4383125793861002
0.0705,4.27521772891406,3.4729326897920196
0.071,4.26426157711244,3.47353035703646
0.0715,4.23143529281591,3.44149267595252
0.07200000000000001,4.1694540626976,3.42332104134494
0.0725,4.12568807455568,3.41634547664156
0.073,4.09834758771178,3.3459525085247304
0.0735,4.11722667810316,3.3133289734045697
0.07400000000000001,4.16648584788782,3.30023755285722
0.0745,4.234758450866741,3.3287329375729304
0.075,4.17531275593139,3.3501429712761897
0.0755,4.14228750199804,3.3622981076924106
0.076,4.168593993271569,3.3445418394051702
0.0765,4.167736331576609,3.3653427857052005
0.077,4.19727736976066,3.3931770223981204
0.0775,4.17195095336269,3.33055311175806
0.078,4.2134620180537405,3.29691336672118
0.0785,4.23392403841562,3.28280438455787
0.079,4.20570790896377,3.25465708421665
0.0795,4.21470676949012,3.1411897728790295
0.08,4.27430949197174,3.18184585728575
0.0805,4.20014203318724,3.2090232220366603
0.081,4.171780563325029,3.19681615124578
0.0815,4.16015514549137,3.2434318713268597
0.08199999999999999,4.10406995201685,3.24761618863747
0.0825,4.06632191229193,3.1995182194333
0.083,4.05857769977856,3.18048581384722
0.0835,4.08199383773344,3.1844425041032403
0.084,4.11093919339127,3.17540780012209
0.0845,4.10437409790759,3.1091913331104397
0.085,4.0505486624527505,3.0768429732776803
0.0855,4.0176712864610495,3.0375847837182794
0.086,3.97436778461751,3.04245610413154
0.0865,3.9780628507260603,3.04475055051193
0.087,3.9872788221692996,3.0862330242309506
0.0875,3.9639229769032998,3.05068306297738
0.08800000000000001,3.90384754636043,3.07584467926278
0.0885,3.88127898614513,3.07910832643894
0.08900000000000001,3.8134995805244,3.06542893634105
0.0895,3.80529164546637,3.02924506475793
0.09,3.82299987470205,2.99381221601856
0.0905,3.82239634081452,3.01488325661481
0.091,3.8442935515682595,3.04562057152547
0.0915,3.8136349668535696,3.04931442900258
0.092,3.74638782254897,3.05175507924953
0.0925,3.7239186562895097,3.04441829477192
0.09300000000000001,3.68629939752519,3.0648583629835295
0.0935,3.70805813237453,3.07893583834886
0.094,3.65915686662368,3.09183866460709
0.0945,3.64788010619562,3.03599189480317
0.095,3.6859896791258597,2.9712617737399603
0.0955,3.67451897673633,2.93799282164015
0.096,3.6992327105673506,2.9282115624598504
0.0965,3.6832432898168497,2.93478554030596
0.09699999999999999,3.68331412309061,2.99759612215296
0.0975,3.7200300860421,3.0022444373169304
0.098,3.6975629977825695,3.02891903278364
0.0985,3.6600140616166197,3.07457249474465
0.099,3.66742392007372,3.06229131112458
0.0995,3.69694298864528,3.0294857569309404
0.1,3.72834946628379,3.02527665979652
0.1005,3.7273016822831804,3.01551951578364
0.10099999999999999,3.7327526867099303,3.0356522263101806
0.1015,3.73783089156327,3.0160108392165204
0.102,3.70343972670133,3.08463262286896
0.1025,3.6830811633866203,3.14148108397954
0.10300000000000001,3.70293649300421,3.21076361896567
0.1035,3.6972216207182207,3.2409640194843297
0.10400000000000001,3.7074295018542798,3.25688678936612
0.1045,3.7319384019670405,3.27970713225367
0.105,3.74190316711281,3.2712457187028097
0.1055,3.7334567944307797,3.3018067832093596
0.106,3.7133481578948997,3.3158065914697796
0.1065,3.7131966135921095,3.2729813932097995
0.107,3.69380933322073,3.2466708688968997
0.1075,3.66327659758079,3.2479832136564704
0.10800000000000001,3.63578492765168,3.2160919799833594
0.1085,3.62891463418445,3.2110805946139105
0.109,3.65641164631519,3.2401185649565094
0.1095,3.6531503794034506,3.24512755637554
0.11,3.6143366650652795,3.2569931603787596
0.1105,3.5981245545411302,3.2505672774730296
0.111,3.6049036241051096,3.27547922446194
0.1115,3.6577093856667102,3.2352637356162597
0.11199999999999999,3.6665242630157997,3.25031837040339
0.1125,3.65319726379244,3.22866125271542
0.113,3.59731854219086,3.2396357792734904
0.1135,3.60715011075157,3.25317400032463
0.114,3.63225927735529,3.30332204814927
0.1145,3.6171141206216495,3.3247958273077702
0.115,3.6360170094599997,3.3119366111102404
0.1155,3.6367912807824303,3.31949314317064
0.11599999999999999,3.62585379664936,3.3456831472126902
0.1165,3.62988163445881,3.34844622312921
0.11699999999999999,3.64561452494025,3.3415612589500396
0.1175,3.62606208562487,3.41537309036555
0.11800000000000001,3.62675889614101,3.44238125347835
0.1185,3.66024485467565,3.42877866278311
0.11900000000000001,3.66956531184779,3.5143769499298503
0.1195,3.7009367691887496,3.5880270669020895
0.12,3.70417948420941,3.6472262731543
0.1205,3.64085987290908,3.7041050168479703
0.121,3.61271178228572,3.65773291127109
0.1215,3.6190611809407205,3.58223831795067
0.122,3.62332377383516,3.5934987100341202
0.1225,3.5995451799522598,3.59289062610691
0.12300000000000001,3.6033649123017697,3.6239177053116696
0.1235,3.62723018791983,3.5942538966193904
0.124,3.62788145178441,3.52245329197594
0.1245,3.65008403482647,3.57640077755281
0.125,3.69688533557534,3.55529100507176
0.1255,3.69649319759157,3.5207107673344904
0.126,3.7178064265041697,3.53071145217364
0.1265,3.7418195995560004,3.53262523100495
0.127,3.79457216351507,3.55031466844731
0.1275,3.7922296123960098,3.58986102015521
0.128,3.85453584388367,3.63744434444928
0.1285,3.86423024643508,3.62959832491475
0.129,3.84650393314756,3.62258167782262
0.1295,3.8757581563604395,3.66453582379479
0.13,3.9099722788178597,3.6947773088782996
0.1305,3.8966500604483505,3.7274675111499
0.131,3.95301067802739,3.73149155547944
0.1315,4.0043218441353,3.71780434422074
0.132,4.01439205869121,3.6855387390099197
0.1325,4.02706073954885,3.59450926781416
0.133,3.95246282305863,3.6493603551521803
0.1335,3.94335439263412,3.72980983495485
0.134,3.92589700473791,3.71458409873259
0.1345,3.95860268513192,3.74810387956015
0.135,3.9953379737067003,3.8050434962218
0.1355,3.96002309226367,3.85677487836317
0.136,3.9132083280934102,3.8880736317236697
0.1365,3.9649273183046096,3.87852476424087
0.13699999999999998,3.9526850717551203,3.9087359395691204
0.1375,3.95005782508829,3.84966256865219
0.138,3.8816730704265,3.7803261572243305
0.1385,3.8439694556590895,3.7451903945105602
0.139,3.8055949742707096,3.7731872091019203
0.1395,3.8091726904581,3.74160946834669
0.14,3.81666483672643,3.70219367554228
0.1405,3.84422752231531,3.64433619271308
0.141,3.82413140495026,3.58487948214726
0.1415,3.77488694906883,3.57534058375466
0.142,3.8178799566499197,3.60333005756014
0.1425,3.8241007204713195,3.583296811951
0.14300000000000002,3.81886498932548,3.5869125323847597
0.1435,3.88420189358453,3.5944800566584103
0.14400000000000002,3.94899344726794,3.5886134696959195
0.1445,3.9145763362671806,3.5198705692427
0.145,3.93370425686579,3.52090973097407
0.1455,3.98269241700805,3.53120903830158
0.146,4.01180933205269,3.51417962549335
0.1465,3.9482519550803197,3.54651660281008
0.147,4.000579608255641,3.5795843660191102
0.1475,3.9649351338429906,3.5798315879938705
0.14800000000000002,3.9805999271820802,3.5636389014148198
0.1485,3.92851492376347,3.5724520329459195
0.149,3.91067606480385,3.61146524382913
0.1495,3.92023853198479,3.5855604499818
0.15,3.98043806391748,3.50891767415254
0.1505,3.9946892997632197,3.49030122980788
0.151,4.014847874288471,3.4998989179950297
0.1515,4.05143408508944,3.49110256778435
0.152,4.014521564760559,3.52273793769755
0.1525,4.0203576094144,3.58956391292736
0.153,3.9672207183098,3.58068198147128
0.1535,3.9291508022034902,3.5672919651657904
0.154,3.84854624496665,3.5021492280349795
0.1545,3.8273776233191,3.5487434667366
0.155,3.8434122656416805,3.6214815407093
0.1555,3.8376004030216606,3.69019157812543
0.156,3.80909372390141,3.65398582449799
0.1565,3.76716117764326,3.5833349512891
0.157,3.7450768827219703,3.5552888812939702
0.1575,3.7477833947501598,3.4979601077898197
0.158,3.6961159032690096,3.46470564754079
0.1585,3.72456541241685,3.44161208906689
0.159,3.73219019387277,3.49153513409564
0.1595,3.75824475508959,3.51178631528566
0.16,3.75864481773115,3.50675558188952
0.1605,3.80428243828001,3.48408587570199
0.161,3.83462484999303,3.46986983825929
0.1615,3.86222759972552,3.46509067305287
0.162,3.8334696302438998,3.5108447464785404
0.1625,3.7764415758985903,3.5168180602361
0.163,3.72951581035556,3.4584902832937794
0.1635,3.71968240317213,3.4959329570411004
0.16399999999999998,3.73883437717255,3.51733146410362
0.1645,3.73353979416986,3.5732796479507405
0.165,3.79260650167569,3.5779435247199602
0.1655,3.75950113268185,3.62095616500468
0.166,3.7720417471892596,3.60287329723913
0.1665,3.78393982155691,3.6058547452635
0.16699999999999998,3.78431237121469,3.62548802374317
0.1675,3.77579261062572,3.5683243824296897
0.168,3.7729808831537497,3.53308981787862
0.1685,3.745880604463,3.58094582026497
0.16899999999999998,3.7508011174877405,3.5822036540285898
0.1695,3.7493943863665495,3.52986146976278
0.17,3.7842053217152705,3.51491829419699
0.1705,3.82502231074003,3.55768621758267
0.171,3.85059152964633,3.6036974858326696
0.1715,3.81264797254596,3.66602805555807
0.172,3.8619177630876,3.7185887079354703
0.1725,3.9071486018564703,3.75194687764822
0.17300000000000001,3.90878982493757,3.78501047663213
0.1735,3.9743919304427004,3.76556239501471
0.174,4.00635495231319,3.7521837433932594
0.1745,3.99578347462243,3.7342968933954
0.175,3.9488931080256897,3.76355452041538
0.1755,3.90550971451706,3.71837324044334
0.17600000000000002,3.8999581660157205,3.81091188047605
0.1765,3.91583593512135,3.78676790509185
0.177,3.9081819032773297,3.61602926685956
0.1775,3.8762486042694597,3.5898698208981097
0.17800000000000002,3.85639410028883,3.6199300225514706
0.1785,3.8228898862455805,3.64662060143306
0.179,3.82337094156671,3.6560828113764705
0.1795,3.82478141281344,3.73589713685384
0.18,3.79617460487581,3.72269055225205
0.1805,3.83799643749767,3.7160279906921696
0.18100000000000002,3.84245459986464,3.6980929276963996
0.1815,3.8000388757161803,3.70934366700145
0.182,3.7399059130944705,3.70282136870815
0.1825,3.71541279452648,3.71802785954678
0.183,3.6661755646552794,3.69882562305654
0.1835,3.67203685572399,3.66165431097139
0.184,3.6779824779811205,3.62499530894806
0.1845,3.72085318069276,3.6522855509004404
0.185,3.7779586049118103,3.67964771041615
0.1855,3.8194208538522703,3.6629190313708104
0.18600000000000003,3.8746131213021298,3.6629624710644597
0.1865,3.84558875371644,3.609919849648
0.187,3.89824074483721,3.53207384366323
0.1875,3.88170623254636,3.46499231479455
0.188,3.85126977603754,3.4681301945187
0.1885,3.81948327547858,3.5780714809742897
0.18899999999999997,3.81145220702134,3.6109523032841895
0.1895,3.80899375829083,3.6342067112472005
0.19,3.86557436700567,3.6753135688727006
0.1905,3.85625383749515,3.66191019946602
0.191,3.88100684895927,3.6309763615684902
0.1915,3.91071640006787,3.5947731813054
0.192,3.94952925129403,3.63417505076743
0.1925,3.9324703640019,3.61484395011239
0.193,3.9747538208255695,3.5863423417199503
0.1935,4.001600406400979,3.66428522701362
0.19399999999999998,3.9792356025992994,3.64985852575816
0.1945,4.000538318909871,3.7002771966591
0.195,3.94696644947967,3.66499047504948
0.1955,4.00473741656882,3.6078505809704304
0.196,4.041463495820871,3.57836497210187
0.1965,4.04780001814126,3.60314440716921
0.19699999999999998,4.00887731815102,3.65813774215306
0.1975,4.01168672973962,3.6585122605642497
0.198,4.06100660954184,3.7199100278522597
0.1985,3.9906142476930295,3.75250643766761
0.19899999999999998,3.99361838556255,3.7167396580974
0.1995,3.98256709673341,3.6953184629116405
0.2,4.03066270813554,3.6750099902071
0.2005,3.9963689951552097,3.7079706419752596
0.201,3.97890879969242,3.6950835990391298
0.2015,3.9533618214320696,3.75229353300659
0.20199999999999999,4.02088319001784,3.7505982766112798
0.2025,3.978793852571,3.7843806354027905
0.203,3.9452613243816104,3.76683359915904
0.2035,3.9737973747316,3.8015026684385096
0.204,3.9782453557152198,3.8171088420920003
0.2045,3.95375312783472,3.8350504500237994
0.205,4.06259970836377,3.78105194597382
0.2055,4.0680874661721305,3.77536314689346
0.20600000000000002,4.06015968323646,3.69383837903993
0.2065,4.02376468312477,3.7463434473381
0.207,3.98124086200001,3.7282417634278398
0.2075,3.9842967328014796,3.7608731121543997
0.20800000000000002,4.02501235639543,3.76976334554502
0.2085,4.0609173829094205,3.7877340333248504
0.209,4.08459991401771,3.7425195564390297
0.2095,4.10273227173212,3.71901070775945
0.21,4.07263794758613,3.70776978831301
0.2105,4.002702308187089,3.69673878890282
0.21100000000000002,3.99961541855452,3.64959484369304
0.2115,4.0229723893453695,3.67920808338418
0.212,4.05400610059241,3.71101112086154
0.2125,4.13177624927784,3.7123576351500396
0.213,4.12855918828134,3.65442476393956
0.2135,4.12256017901213,3.6892577005209
0.214,4.12737923247734,3.65475329910025
0.2145,4.10405662961885,3.64606570536485
0.215,4.07838810403669,3.6205089123125
0.2155,4.05809380343165,3.61057057736336
0.21600000000000003,4.06554822888303,3.6334932486037497
0.2165,4.0628036792370805,3.6681020969932803
0.217,4.03795941366431,3.59220789467534
0.2175,4.04209664156965,3.61729203478124
0.218,4.08227309980771,3.55944792042199
0.2185,4.056616051901241,3.49742188917733
0.21899999999999997,4.036033249416549,3.48164135170582
0.2195,4.05252921719542,3.46132234876212
0.22,4.02942227143646,3.44716792943969
0.2205,3.97547262956232,3.4214669295871096
0.221,4.00444646173786,3.45902430244749
0.2215,3.97498152623232,3.5409027791122596
0.222,3.9412700540102796,3.53672462920217
0.2225,3.89552794498302,3.54754392236602
0.223,3.8784886238359304,3.55890383921721
0.2235,3.9266525285666605,3.5368784000917297
0.22399999999999998,3.97952159598571,3.5420524565167097
0.2245,3.99021098258561,3.4948440138436196
0.225,3.99522807077308,3.4884916793403398
0.2255,3.98109791558542,3.52882395786184
0.226,3.99664214880545,3.5499298921215297
0.2265,3.9434474927079504,3.52175735812045
0.22699999999999998,3.9529992703547205,3.52741855061737
0.2275,3.96188599305181,3.5464164278030004
0.228,3.94450929046034,3.65198704048716
0.2285,3.9972150562366098,3.62738365344577
0.22899999999999998,3.9885182060783397,3.6421083852089704
0.2295,4.02778224269779,3.64646037656879
0.23,4.04398414594604,3.63248244680396
0.2305,4.0086934095217694,3.62256340784899
0.231,3.93330978723853,3.63607928120893
0.2315,3.9032151970765,3.6514847404059703
0.23199999999999998,3.90773885995129,3.62309585098073
0.2325,3.97793071669186,3.58241486734667
0.233,4.0336646578899,3.5557189045833
0.2335,4.04544967187051,3.5504255597319703
0.23399999999999999,4.014884853363189,3.49784401201524
0.2345,4.00750835612701,3.50297352516944
0.235,3.98417929072231,3.4906661915006296
0.2355,3.97594039955571,3.4568974177144702
0.23600000000000002,3.97669806034675,3.4070582035756294
0.2365,3.9750420164151503,3.3634575605322796
0.237,3.94503515071751,3.3120032838929903
0.2375,3.93112976573187,3.3198986698456503
0.23800000000000002,3.94382415226795,3.27364124582176
0.2385,3.9928813461071004,3.2647694539893903
0.239,4.012714675117411,3.27893918204834
0.2395,4.04093677797817,3.27154832308301
0.24,4.094535177309609,3.28112335673754
0.2405,4.07214900932555,3.2721331118004704
0.24100000000000002,4.0624532885110005,3.3023198807856
0.2415,4.09971988794553,3.3147272508669197
0.242,4.13340587023786,3.3718719040620697
0.2425,4.12969640961898,3.39395404684276
0.243,4.1321151118093695,3.38393085433044
0.2435,4.14443369746266,3.3967097590467
0.244,4.1726280366451505,3.37031601647466
0.2445,4.16587197800789,3.37908702669574
0.245,4.18264186703313,3.37679062142746
0.2455,4.16413630008488,3.36365931914285
0.24600000000000002,4.15987698127164,3.3497850577384596
0.2465,4.18259677298308,3.30558963522192
0.247,4.15259541388326,3.3135631196000097
0.2475,4.11597771633041,3.32421263359976
0.248,4.08394076703512,3.31053203266826
0.2485,4.0937594590752795,3.2830142968591
0.249,4.12496387899201,3.2911446879918502
0.2495,4.11352839852938,3.26559333206488
0.25,4.1174603867297295,3.25423503017334
0.2505,4.12813165297512,3.2337264518465094
0.251,4.18560778818478,3.24212674366652
0.2515,4.1647474422317,3.23831781795864
0.252,4.2001625766016,3.2606863098476704
0.2525,4.2352766316969905,3.2776676990231204
0.253,4.203308169523971,3.2128616060017903
0.2535,4.20860293827638,3.17629825002542
0.254,4.30842454036914,3.1485914786088403
0.2545,4.32539402326501,3.1485873738213397
0.255,4.308164298397211,3.12233932668781
0.2555,4.36039782901065,3.1214588431078796
0.256,4.33836322650827,3.1086205480846805
0.2565,4.32179849460585,3.05264671769961
0.257,4.3448546167537705,3.04698137951689
0.2575,4.3796484060999,3.11662455806537
0.258,4.40394490796213,3.10648664855187
0.2585,4.4189623915806,3.10583330598216
0.259,4.41132032654493,3.0864515844628704
0.2595,4.34427711296667,3.09333080735772
0.26,4.3491484685794,3.10794775199974
0.2605,4.27751657629804,3.13986549291445
0.261,4.2776552899769404,3.1457740200408195
0.2615,4.30241643377025,3.17589309935081
0.262,4.30370050785669,3.20337254664802
0.2625,4.35185899746052,3.1999122288784703
0.263,4.340670668750421,3.1774104006119104
0.2635,4.36111420789725,3.1527675139793803
0.264,4.3451001614074505,3.10117593265917
0.2645,4.3305929174501,3.0048791444392995
0.265,4.27099784523728,3.0311064238145695
0.2655,4.26333518977402,3.0376149277937996
0.266,4.289794042862121,3.1282171460052
0.2665,4.186065949831391,3.11368162389862
0.267,4.179483979874,3.12855089679452
0.2675,4.16797712330163,3.09054359115187
0.268,4.18380953761635,3.0808122165018905
0.2685,4.16863502013626,3.0679098698079597
0.26899999999999996,4.227085954128601,3.01913995611926
0.2695,4.3033913389937,3.0115742142896402
0.27,4.3488354369835,3.00832299557
0.2705,4.34544543247467,2.96041559610418
0.271,4.3397304194555195,2.97026828163685
0.2715,4.36424729979842,2.94912430026236
0.272,4.289946560833379,2.96128329896348
0.2725,4.280352623949891,2.9583787024267
0.273,4.276908530431561,2.9221604982149203
0.2735,4.2913766756094,2.95611478351417
0.27399999999999997,4.28349129290085,2.96363559883457
0.2745,4.283749482176471,2.96375044313752
0.275,4.3038394646471,2.9623974396324404
0.2755,4.30386871783678,2.93756018242482
0.276,4.2895168243408595,2.96992421136237
0.2765,4.25498462110066,2.9982064951859395
0.27699999999999997,4.25703511357028,2.93888529139521
0.2775,4.24507650309501,2.9379356272269304
0.278,4.21379404373953,2.9553108378903903
0.2785,4.18584325046458,2.95332330769642
0.27899999999999997,4.20032255597984,2.8857623784190602
0.2795,4.2115495732926895,2.8539826134842206
0.28,4.21950195043245,2.8903204098418396
0.2805,4.22115859873449,2.9320227192432498
0.281,4.24957936873478,2.9809168593568502
0.2815,4.24692692975925,3.0248939087294704
0.282,4.19565375675641,3.0361482616404505
0.2825,4.14880777782799,2.9614535119276697
0.28300000000000003,4.12508013042998,2.8908557332901
0.2835,4.1498590619121405,2.95805318201643
0.284,4.18386636210332,2.9094338278696297
0.2845,4.2120538168415695,2.86314992702328
0.285,4.20988163196397,2.9129957258954797
0.2855,4.21651820300777,2.9704350859673196
0.28600000000000003,4.20950851893657,3.0185887420279904
0.2865,4.19004598257854,3.00084890947412
0.287,4.1644867885089,3.02517475127706
0.2875,4.20221369275063,3.0507499260396997
0.28800000000000003,4.23179032888095,3.08177814892944
0.2885,4.20317282511311,3.1510168640185805
0.289,4.19387491735897,3.09844697211518
0.2895,4.16695011999072,3.09058301457261
0.29,4.1609461462803505,3.12136786404046
0.2905,4.19604309218261,3.1890658843033903
0.29100000000000004,4.18861645519229,3.1940192049036904
0.2915,4.14658195735021,3.11757804614375
0.292,4.1193700304637595,3.12402079007652
0.2925,4.08856271580362,3.08198685036017
0.293,4.08498839631263,3.01082359228594
0.2935,4.07532510765191,3.0487192696222998
0.294,4.07582358812507,3.1236696998436297
0.2945,4.0545030703014096,3.1306724110656696
0.295,4.09228391215043,3.1438372460510404
0.2955,4.127711301854919,3.1219837743135797
0.29600000000000004,4.13264738926332,3.12727565285284
0.2965,4.1726838129580495,3.10706118695876
0.297,4.16820758016305,3.10494065111188
0.2975,4.17748699640418,3.1674231818002796
0.298,4.20602720811741,3.22024932680763
0.2985,4.1629482053558995,3.1883168177435803
0.299,4.15577958785015,3.15010500103083
0.2995,4.19182300698149,3.15821199840657
0.3,4.20462555590621,3.2140385015774
0.3005,4.1935945932572105,3.21530772560799
0.301,4.21401150295291,3.20358257821981
0.3015,4.22834572574597,3.21448041491059
0.302,4.235270385997,3.1942280563545697
0.3025,4.2594373079237595,3.15131117993437
0.303,4.27609500259289,3.1061674686378504
0.3035,4.30585797147691,3.14518650693852
0.304,4.31046981506001,3.0295256438592704
0.3045,4.37780278918732,3.01661404868958
0.305,4.4403016608512695,3.00928288446869
0.3055,4.39238631864429,3.00025214673769
0.306,4.37173054218007,3.01366208849367
0.3065,4.30636558503452,3.0265426154074704
0.307,4.30795359592531,3.0299974442482998
0.3075,4.3226811674748,3.07889982045979
0.308,4.32444108976869,3.0662684031329306
0.3085,4.37088993965707,3.0268951127757595
0.309,4.40210788983554,3.0830159604747798
0.3095,4.39925702607999,3.05568094529135
0.31,4.41588427408022,3.04648740661418
0.3105,4.38371687703295,2.96921372357731
0.311,4.415355122844519,2.9534877993292703
0.3115,4.41674352847303,2.94176364902106
0.312,4.42200020653343,2.99323846623178
0.3125,4.4085414672338095,3.04916107732853
0.313,4.40698592236714,3.04939589135187
0.3135,4.39832724292953,3.04301777966187
0.314,4.4049515382812,3.05309025104061
0.3145,4.40540640625188,3.04821076317699
0.315,4.4342384617451,3.13552508602795
0.3155,4.41397158592082,3.11875624214902
0.316,4.415986572885849,3.12626291882456
0.3165,4.42818340776738,3.13864809110092
0.317,4.41225833023448,3.11865649284272
0.3175,4.41993027025038,3.13828930352489
0.318,4.48616574903148,3.14551427268641
0.3185,4.480697304638349,3.05604036246404
0.319,4.52556438609259,3.07843409436166
0.3195,4.51654088479061,3.1187973891833196
0.32,4.54618885851501,3.1097312100912897
0.3205,4.53919183683726,3.1399091929369103
0.321,4.51618606677565,3.0913988512821002
0.3215,4.46911408641277,3.08542797231141
0.322,4.47264766059386,3.0775163548606903
0.3225,4.461115112501719,3.0707317503998603
0.32299999999999995,4.44235885473128,3.08666388330594
0.3235,4.41617634016829,3.0828135391970597
0.324,4.46502402553545,3.1184122225921698
0.3245,4.5333023294521,3.11292152582632
0.325,4.582459516998781,3.0864716732742
0.3255,4.61844487189942,3.0419561474336296
0.326,4.63183683631796,3.0803588359876297
0.3265,4.61162020394795,3.1100515898907
0.327,4.54582528042616,3.1846245234608594
0.3275,4.5170653966105805,3.1762027534291803
0.32799999999999996,4.53630940424746,3.1792477148663902
0.3285,4.51988505856744,3.1665654361641495
0.32899999999999996,4.55642668785185,3.1764061550633595
0.3295,4.54385294959633,3.1222681108603196
0.33,4.59451795315671,3.0722748987751096
0.3305,4.63227240978737,3.0347787474805297
0.331,4.63103356619669,3.02504502324739
0.3315,4.66543805765695,3.0208982531802007
0.332,4.660404680417599,3.0422365900321298
0.3325,4.64301702985359,3.1120636360192995
0.33299999999999996,4.640739329795849,3.0868650295406197
0.3335,4.6100024737288,3.0918804001490403
0.33399999999999996,4.571826758195691,3.02286928995436
0.3345,4.56652423157366,3.05322263314879
0.335,4.6080108926714,3.03170680602654
0.3355,4.6429780622427,3.0765331346398503
0.336,4.62001408507807,3.10725173855089
0.3365,4.65492898649731,3.08423722601969
0.337,4.69750917117506,3.05997428122869
0.3375,4.71982797053887,3.0849001969262404
0.33799999999999997,4.74981653761729,3.0634651483481496
0.3385,4.7343742212130495,3.09536209308415
0.33899999999999997,4.69740898063558,3.0663898373023497
0.3395,4.644439365164691,3.0451752371091803
0.34,4.64519703523882,2.9660033572446203
0.3405,4.6128270657824295,2.8957897956989505
0.341,4.60704140594174,2.9027514552736497
0.3415,4.63366000505253,2.99750430910287
0.342,4.62879344902583,3.0426395071604104
0.3425,4.60999080897378,3.0013121181862004
0.34299999999999997,4.57259517347732,3.0171498989653798
0.3435,4.486395382252,3.00941628101574
0.344,4.492298497650389,2.98903847831434
0.3445,4.5066824707978705,2.9592918917769997
0.345,4.53226779571637,3.0273570559518794
0.3455,4.5502236430515,3.0796437158892407
0.34600000000000003,4.602349617187031,3.07202492015531
0.3465,4.66841748180407,3.0219250495861805
0.34700000000000003,4.76593636916864,2.98142019070546
0.3475,4.772312867450981,2.96422537889314
0.348,4.80847979859769,2.90334151950068
0.3485,4.74120058569691,2.86761144973575
0.349,4.7293967497070195,2.89865900292822
0.3495,4.69078784124446,2.8831871397841002
0.35,4.6958112009385005,2.8598322158169003
0.3505,4.680929132748361,2.8538360044807005
0.35100000000000003,4.631824162791401,2.83172284334844
0.3515,4.59200018282767,2.88086834284153
0.35200000000000004,4.492397612965711,2.89140436219038
0.3525,4.4640258955174605,2.94016183425772
0.353,4.46535684667482,2.94270940579284
0.3535,4.4433862552502195,2.96943788140373
0.354,4.511416890433599,2.95773438507994
0.3545,4.54467337389909,2.9276926966277497
0.355,4.5914672843046995,2.86062887366108
0.3555,4.54873993223803,2.8906038673696695
0.35600000000000004,4.54603330657028,2.9081035032651603
0.3565,4.53737143366533,2.8639156617784303
0.35700000000000004,4.58977371462616,2.8883611856296803
0.3575,4.61474269388043,2.89194198115762
0.358,4.58850686008907,2.89376213931763
0.3585,4.6072383534486905,2.86582359849155
0.359,4.61995295189395,2.8610036697384102
0.3595,4.606893841418151,2.90195891977937
0.36,4.5846098829807405,2.8969592802635598
0.3605,4.64789617002448,2.9064783934335203
0.361,4.65163779480507,2.8900066875723702
0.3615,4.66819798186366,2.82624429607409
0.36200000000000004,4.718150967362759,2.8275390328795202
0.3625,4.76280315807243,2.90257195753128
0.363,4.78552305031123,2.95936630471374
0.3635,4.80874898016371,3.0187806228083303
0.364,4.832992033585531,3.05444751322002
0.3645,4.7603926351758306,3.0533544027586
0.365,4.79761053491919,3.08780190379677
0.3655,4.78763353523558,3.0796311289103104
0.366,4.79946110203863,3.1135109420320695
0.3665,4.80056341684329,3.1580713281605797
0.36700000000000005,4.82596633090336,3.11040296851362
0.3675,4.83968837056589,3.10830232330695
0.368,4.9360580207993605,3.1053852468115197
0.3685,5.01259508293465,3.09178305388379
0.369,5.02181438861919,3.09678947247533
0.3695,5.037626909285571,3.1148493448638397
0.37,5.03143765705485,3.1430046781161898
0.3705,5.03501591024594,3.1043553700116897
0.371,5.06640904701834,3.1403603988055897
0.3715,5.08958505094583,3.0866830112298502
0.37200000000000005,5.0629132141443804,3.09876527438014
0.3725,5.0945898579302105,3.13932616352772
0.373,5.1572948876288,3.1872747243536605
0.3735,5.26324716292238,3.1690996626954298
0.374,5.272938392330469,3.1567080362398303
0.3745,5.23294808964701,3.0891718396543397
0.375,5.23251068030371,3.0422904598662597
0.3755,5.225162753049,3.03511069360173
0.376,5.27444917342035,3.0396379223719
0.3765,5.24624003050209,2.99705082713794
0.377,5.272916439525639,3.04948861810826
0.3775,5.2450969760393,3.06480243857499
0.37799999999999995,5.27629612362759,3.08936282753326
0.3785,5.27530046712845,3.12112329569831
0.379,5.26880842114438,3.1434432901012497
0.3795,5.22291844122061,3.0676804220195697
0.38,5.227341216289219,3.05586111853778
0.3805,5.27796613010186,3.03938189028836
0.381,5.33062959479821,3.01038109798417
0.3815,5.34549852000309,2.93681367489765
0.382,5.37066062205533,2.93471940485433
0.3825,5.363395566835121,2.94261049763652
0.38299999999999995,5.27223539018362,2.9604309576572203
0.3835,5.2312374966296105,2.93105751451683
0.384,5.25842563085659,2.82318174927564
0.3845,5.20147921239086,2.84975747575804
0.385,5.19684614366012,2.8784761491439803
0.3855,5.16711669026803,3.0017069693427496
0.386,5.20611774564378,2.99041059754795
0.3865,5.22217680139455,3.0311719767014105
0.387,5.2672884542248894,3.0189204886135297
0.3875,5.27811306056725,3.0661339074203395
0.38799999999999996,5.29781147946879,3.05547947740138
0.3885,5.26684624277246,3.05488913793021
0.389,5.27808921236921,3.07072863221493
0.3895,5.259011184418361,3.14714889757613
0.39,5.25346754642128,3.24392298209274
0.3905,5.30254354603838,3.29831993694211
0.391,5.2733413198208705,3.31223486133609
0.3915,5.2217632097537,3.3315918645883102
0.392,5.18531113971046,3.3153555616278703
0.3925,5.18468460182301,3.31770888429321
0.39299999999999996,5.14871332438671,3.3022007261886297
0.3935,5.12165359578001,3.30543159887955
0.39399999999999996,5.1596662158871505,3.27319040676653
0.3945,5.12553978470137,3.2774073572560902
0.395,5.11478556087635,3.2838963034285005
0.3955,5.1249583030516295,3.29370534783151
0.396,5.16104489333976,3.2611376456693
0.3965,5.188987360512581,3.21494197516893
0.397,5.22717840147571,3.2113315590827503
0.3975,5.22109088403623,3.18269744395133
0.39799999999999996,5.26907903680393,3.1800352954491204
0.3985,5.30578222221334,3.1672882633886403
0.39899999999999997,5.26980092013998,3.2088146213685698
0.3995,5.309831060582679,3.2115305103674903
0.4,5.302484819038789,3.2053948277428996
0.4005,5.31567893506536,3.2689023803707795
0.401,5.300667440028019,3.2946544723557003
0.4015,5.3511409733083894,3.26591667535128
0.402,5.38883308951267,3.2342099360382197
0.4025,5.35894718337407,3.2708323408706
0.40299999999999997,5.39586694668056,3.29756090011737
0.4035,5.37899868550373,3.25590593427867
0.40399999999999997,5.4641019276508604,3.2145816218610297
0.4045,5.46950206982393,3.22100403888373
0.405,5.464545745775911,3.2606526032392105
0.4055,5.47858721131291,3.2829713503618105
0.406,5.496658434300881,3.2583023976691003
0.4065,5.43974567076542,3.22839319013805
0.40700000000000003,5.40530930126832,3.1874064227038197
0.4075,5.398257293552589,3.15243491865318
0.408,5.35951067635483,3.1155651794354506
0.4085,5.329056351756019,3.08732533109572
0.409,5.35377864096249,3.1151768341651405
0.4095,5.35362481154604,3.10991859906182
0.41,5.3775387851562,3.1341954343102003
0.4105,5.3838120163773,3.11275312895669
0.41100000000000003,5.39526979105538,3.1162643667429797
0.4115,5.452038102877,3.13901845486343
0.41200000000000003,5.45663901396596,3.1600854890328995
0.4125,5.50991333467546,3.18311765087407
0.413,5.532997570871,3.2509489911637597
0.4135,5.52733795113605,3.3256345186469503
0.414,5.527496513500201,3.33739857891352
0.4145,5.52505738972818,3.3592700881017596
0.415,5.53995922401624,3.3404458775859
0.4155,5.5518931242182195,3.3829823668589105
0.41600000000000004,5.564369541103481,3.44334654432051
0.4165,5.552519636827659,3.4893169241649904
0.41700000000000004,5.622779199929051,3.49965649658948
0.4175,5.689527642475509,3.5196402028103595
0.418,5.67957366182922,3.50822271581999
0.4185,5.68567680306337,3.48907010411807
0.419,5.68010943162575,3.47832970890418
0.4195,5.71555808535894,3.4607103931116403
0.42,5.719527522622651,3.5195694965017497
0.4205,5.7097589976037195,3.5263725521017597
0.42100000000000004,5.707706731417639,3.58197755446559
0.4215,5.72987035887419,3.58519480916804
0.42200000000000004,5.69867116827034,3.57838258345904
0.4225,5.669974578038451,3.52299840690589
0.423,5.68064195217029,3.4705206037634397
0.4235,5.6259305516698594,3.4277037378913904
0.424,5.5941590262933,3.44339705739073
0.4245,5.615812197158929,3.4337178824377697
0.425,5.62176796792079,3.4595287158388595
0.4255,5.59139036388497,3.5187712574087597
0.426,5.5757807441575595,3.50378002389396
0.4265,5.645961430735,3.40965037432755
0.42700000000000005,5.69489132040831,3.3959738737272698
0.4275,5.683393012544559,3.3915719637978703
0.428,5.61920142913542,3.37841964740061
0.4285,5.62536310871284,3.4288606488371496
0.429,5.60367692350337,3.3705198109833803
0.4295,5.59162961347431,3.4307485623081497
0.43,5.57943135812026,3.43605786263719
0.4305,5.57750681313962,3.41083449316544
0.431,5.5182572421106695,3.4099632999062206
0.4315,5.53737800179577,3.3366200237210397
0.43200000000000005,5.584760137243731,3.3460923187761495
0.4325,5.586167197775461,3.3784128757381
0.433,5.58304399191492,3.39523274313389
0.4335,5.59921380762376,3.3554631733908797
0.434,5.60891376346454,3.37754972896701
0.4345,5.568290859549809,3.42936686615768
0.435,5.567584348892209,3.46789550392843
0.4355,5.56016998132556,3.46375740217337
0.436,5.56117713328973,3.3998045458476
0.4365,5.532133875337981,3.3928568883396397
0.43700000000000006,5.55306847536459,3.36866342674769
0.4375,5.524122450615821,3.29110842817467
0.43799999999999994,5.45245411668776,3.21359334801288
0.4385,5.464708748469289,3.15454027200539
0.439,5.478640561517871,3.1602886780977006
0.4395,5.46494805133106,3.09082316208252
0.44,5.4959575869787,3.1310270192010297
0.4405,5.4744910583638395,3.1549643414795097
0.441,5.42880797614207,3.1622775785716404
0.4415,5.38495356066383,3.18566906183349
0.442,5.36754109969441,3.20623189083157
0.4425,5.39316926722648,3.21865904638626
0.44299999999999995,5.33112713887533,3.24934668556923
0.4435,5.341341781395241,3.21624326409419
0.444,5.29061605522013,3.21874608627214
0.4445,5.34041080376957,3.2203412553616695
0.445,5.362121192025491,3.2527269530651
0.4455,5.43860179817585,3.27989625307133
0.446,5.43867407742322,3.30865369878012
0.4465,5.51916607449123,3.2320177199432405
0.447,5.52504686177713,3.2672635990724097
0.4475,5.493511374329151,3.26083362149621
0.44799999999999995,5.46857961296183,3.17954296378653
0.4485,5.44311312248492,3.15259646686354
0.449,5.44086239445477,3.11847954820665
0.4495,5.4169775922667895,3.0780517591323595
0.45,5.414770266915911,3.06937979590032
0.4505,5.41302621891892,3.06799661445449
0.451,5.403602818613111,3.07914277710627
0.4515,5.39841787673553,3.1524685562693398
0.452,5.4040202862346,3.20164753674739
0.4525,5.428894814067861,3.15454575018656
0.45299999999999996,5.433937621783611,3.24532488787593
0.4535,5.428914613361241,3.26037983998187
0.45399999999999996,5.390315995892349,3.2259517902670596
0.4545,5.26632617212268,3.26592485781079
0.455,5.2417181900653205,3.28116866289957
0.4555,5.2263119261438,3.30189168287085
0.456,5.22203149294697,3.36545254846492
0.4565,5.247653837052519,3.33453254298639
0.457,5.25499183653218,3.3225698390317007
0.4575,5.24299122117248,3.2971864743238197
0.45799999999999996,5.23896948803513,3.2516154615199704
0.4585,5.24426906038454,3.2523518521164103
0.45899999999999996,5.23375181888849,3.2525678722056
0.4595,5.24249027367511,3.28209587075431
0.46,5.2060547829845705,3.28744262674532
0.4605,5.235843659054691,3.27612308647321
0.461,5.25085172360809,3.31475473045555
0.4615,5.21749220974367,3.28537316032363
0.462,5.21891538910234,3.25120263050016
0.4625,5.23675998191672,3.230306120135
0.46299999999999997,5.24090089893351,3.2752337987719
0.4635,5.22451773937973,3.2723255897062797
0.46399999999999997,5.22235769093387,3.28547301590441
0.4645,5.1551392530242905,3.2744853544825
0.465,5.107923787555411,3.2649524354904504
0.4655,5.11658783984996,3.26980274930083
0.466,5.1236755655309505,3.28365844921627
0.4665,5.090744908826849,3.2664480716917996
0.467,5.07585233391973,3.29901884597451
0.4675,5.085215153364519,3.3221467404669904
0.46799999999999997,5.08186304064762,3.41009161950496
0.4685,5.0521932959304,3.4101680221825896
0.469,5.05177810574853,3.4020168113196005
0.4695,5.038680761426019,3.42632331132388
0.47,5.0715571487414195,3.44786744431565
0.4705,5.07881382474239,3.45550125855106
0.47100000000000003,5.07064990267571,3.4767078787206103
0.4715,5.11517242808964,3.47803830963525
0.47200000000000003,5.106772952565611,3.4658577033321603
0.4725,5.093430469965219,3.4544176708414303
0.473,5.09815355485507,3.47325116800029
0.4735,5.0620075181742195,3.43244516571926
0.474,5.0671020035162995,3.4487455907249505
0.4745,5.07653466477133,3.44855274740933
0.475,5.039411237292151,3.40847339374241
0.4755,5.04731382410912,3.36992783606745
0.47600000000000003,4.98815141381565,3.3636119540885003
0.4765,4.89236846829396,3.3760640435212403
0.47700000000000004,4.855053697600059,3.37156513996988
0.4775,4.8150798034725995,3.33513683937377
0.478,4.840951630160429,3.28906321773865
0.4785,4.80651073898881,3.21412435453707
0.479,4.7777913968502,3.18606408883048
0.4795,4.7500944658771695,3.18659662136836
0.48,4.71698621352549,3.1433944415512203
0.4805,4.7400547875058,3.11007265691493
0.48100000000000004,4.75519782281354,3.15372041017564
0.4815,4.69382712019506,3.2034673373484504
0.48200000000000004,4.681978548118559,3.1830832642809304
0.4825,4.62259413016258,3.20441433144233
0.483,4.59011978699788,3.22174319523248
0.4835,4.608651558494429,3.18118014921577
0.484,4.58187356299703,3.1884936257556804
0.4845,4.58503711930274,3.18614586295533
0.485,4.621083073674679,3.10338176110421
0.4855,4.55844705192164,3.09169559280366
0.486,4.57466848278543,3.04691215584779
0.4865,4.59299363790124,3.06848929766858
0.48700000000000004,4.53957074558409,3.1069052414836698
0.4875,4.539415724509889,3.14083419714544
0.488,4.507444111423441,3.12340296320118
0.4885,4.50114309139936,3.17822185601901
0.489,4.511437518342481,3.17558087140914
0.4895,4.47281550485496,3.2469068195728905
0.49,4.47041311168362,3.2382148176889904
0.4905,4.464894204981579,3.2227673723518198
0.491,4.511496166093361,3.21212040934844
0.4915,4.54298376509583,3.2082151456344596
0.49200000000000005,4.61019610946028,3.1895902021797298
0.4925,4.59527861771015,3.14500915133358
0.493,4.59786455746249,3.13748158437588
0.4935,4.589324523096099,3.18462764060207
0.494,4.62441365976516,3.1893894028452796
0.4945,4.63332399674854,3.16986647771702
0.495,4.54116920993979,3.1137699807725
0.4955,4.5554658232534,3.1161285106767798
0.496,4.53086296122519,3.15662709633484
0.4965,4.54117359532582,3.16590072693885
0.49700000000000005,4.54842314330238,3.21060141233164
0.4975,4.5588035059670995,3.1672608293006403
0.498,4.58593762686405,3.10626161391052
0.4985,4.584914207665269,3.0660597290285097
0.499,4.567388662206651,2.99019388065634
0.4995,4.55807931699084,3.00817489719253
0.5,4.55283979048243,3.0272145044476604
